"Project","Region","Sample_ID","Sample_Year","Sample_Month","Sample_Day","Site","Event","Plot","Location","Depth_cm","Timepoint","Sample_Type","Evacuation_date_YYYYMMDD","Collection_Date_YYYYMMDD","Collection_Start_Time_24hrs","Collection_End_Time_24hrs","EST_EDT","Notes","npoc_mgL","npoc_uM","npoc_flag","tdn_mgL","tdn_uM","tdn_flag","NOx_mgL","NOx_uM","NOx_flag","NH3_mgL","NH3_uM","NH3_flag","PO4_mgL","PO4_uM","PO4_flag","SO4_ppm","SO4_mM","SO4_flag","Cl_ppm","Cl_mM","Cl_flag","Salinity","H2S_mean_uM","H2S_sd_uM","H2S_flag","pH","pH_flag","Cond","Cond_units","Collection_temp_C","Temperature_flag","Analyte_Notes"
"COMPASS","CB","TMP_SOURCE_ESTUARY_20230606_T1",2023,6,6,"TMP","TMP-II","ESTUARY",NA,NA,"T1","SOURCE",NA,20230606,632,NA,"EDT",NA,4.57,380.83,NA,0.37,26.43,NA,0.01282,0.915276,"bdl",0.025493,1.820058,"Within_Range",0.020181,1.44081,"Within_Range",557.6408,17.3937,NA,4194.5484,118.3229,NA,7.5796,NA,NA,NA,NA,NA,NA,NA,NA,NA,NA
"COMPASS","CB","TMP_SOURCE_ESTUARY_20230606_T2",2023,6,6,"TMP","TMP-II","ESTUARY",NA,NA,"T2","SOURCE",NA,20230606,1236,NA,"EDT",NA,5.06,421.67,NA,0.44,31.43,NA,0.069032,4.928499,"Within_Range",0.006422,0.458495,"bdl",0.033718,2.407277,"Within_Range",480.7045,14.9939,NA,3636.5862,102.5835,NA,6.5713,NA,NA,NA,NA,NA,NA,NA,NA,NA,NA
"COMPASS","CB","TMP_SOURCE_ESTUARY_20230606_T3",2023,6,6,"TMP","TMP-II","ESTUARY",NA,NA,"T3","SOURCE",NA,20230606,1524,NA,"EDT",NA,5.07,422.5,NA,0.37,26.43,NA,0.032723,2.336239,"Within_Range",0.02035,1.452876,"Within_Range",0.028907,2.063798,"Within_Range",519.0515,16.19,NA,3928.058,110.8056,NA,7.098,NA,NA,NA,NA,NA,NA,NA,NA,NA,NA
"COMPASS","CB","TMP_SOURCE_ESTUARY_20230607_T1",2023,6,7,"TMP","TMP-II","ESTUARY",NA,NA,"T1","SOURCE",NA,20230607,710,NA,"EDT",NA,4.18,348.33,NA,0.31,22.14,NA,-0.001943,0,"bdl",0.041317,2.949803,"Within_Range",0.016164,1.154019,"Within_Range",581.2849,18.1312,NA,4335.7195,122.3052,NA,7.8347,NA,NA,NA,NA,NA,NA,NA,NA,NA,NA
"COMPASS","CB","TMP_SOURCE_ESTUARY_20230607_T2",2023,6,7,"TMP","TMP-II","ESTUARY",NA,NA,"T2","SOURCE",NA,20230607,1346,NA,"EDT",NA,4.73,394.17,NA,0.35,25,NA,-0.003387,0,"bdl",0.018535,1.323295,"bdl",0.027134,1.937216,"Within_Range",547.2306,17.069,NA,4145.0144,116.9257,NA,7.4901,NA,NA,NA,NA,NA,NA,NA,NA,NA,NA
"COMPASS","CB","TMP_SOURCE_ESTUARY_20230607_T3",2023,6,7,"TMP","TMP-II","ESTUARY",NA,NA,"T3","SOURCE",NA,20230607,1500,NA,"EDT",NA,4.48,373.33,NA,0.36,25.71,NA,-0.007701,0,"bdl",0.023443,1.673699,"Within_Range",0.022176,1.583242,"Within_Range",553.9434,17.2783,NA,4153.6146,117.1683,NA,7.5056,NA,NA,NA,NA,NA,NA,NA,NA,NA,NA
"COMPASS","CB","TMP_SOURCE_FW_20230606_T1",2023,6,6,"TMP","TMP-II","F",NA,NA,"T1","SOURCE",NA,20230606,718,NA,"EDT",NA,0.48,40,"blank is greater than or equal to 25% of sample value",0.15,10.71,"blank is greater than or equal to 25% of sample value",0.045817,3.271077,"Within_Range",0.001556,0.11109,"bdl",0.007107,0.5074,"Within_Range",13.4461,0.4194,NA,25.8769,0.73,NA,0.0468,NA,NA,NA,NA,NA,NA,NA,NA,NA,NA
"COMPASS","CB","TMP_SOURCE_FW_20230606_T2",2023,6,6,"TMP","TMP-II","F",NA,NA,"T2","SOURCE",NA,20230606,1326,NA,"EDT",NA,0.35,29.17,"blank is greater than or equal to 25% of sample value",0.09,6.43,"blank is greater than or equal to 25% of sample value",0.03656,2.610179,"Within_Range",0.000768,0.054831,"bdl",0.009054,0.646405,"Within_Range",17.3696,0.5418,NA,23.3014,0.6573,NA,0.0421,NA,NA,NA,NA,NA,NA,NA,NA,NA,NA
"COMPASS","CB","TMP_SOURCE_FW_20230606_T3",2023,6,6,"TMP","TMP-II","F",NA,NA,"T3","SOURCE",NA,20230606,1511,NA,"EDT",NA,0.35,29.17,"blank is greater than or equal to 25% of sample value",0.1,7.14,"blank is greater than or equal to 25% of sample value",0.065537,4.678975,"Within_Range",-0.001182,-0.084388,"bdl",0.009209,0.657471,"Within_Range",13.9474,0.435,NA,24.5413,0.6923,NA,0.0444,NA,NA,NA,NA,NA,NA,NA,NA,NA,NA
"COMPASS","CB","TMP_SOURCE_FW_20230607_T1",2023,6,7,"TMP","TMP-II","F",NA,NA,"T1","SOURCE",NA,20230607,611,NA,"EDT",NA,0.41,34.17,"blank is greater than or equal to 25% of sample value",0.09,6.43,"blank is greater than or equal to 25% of sample value",0.040358,2.881335,"Within_Range",-0.000897,-0.064041,"bdl",0.008642,0.61699,"Within_Range",12.776,0.3985,NA,22.8178,0.6437,NA,0.0413,NA,NA,NA,NA,NA,NA,NA,NA,NA,NA
"COMPASS","CB","TMP_SOURCE_FW_20230607_T2",2023,6,7,"TMP","TMP-II","F",NA,NA,"T2","SOURCE",NA,20230607,1246,NA,"EDT",NA,0.36,30,"blank is greater than or equal to 25% of sample value",0.09,6.43,"blank is greater than or equal to 25% of sample value",0.034169,2.439475,"Within_Range",-0.001459,-0.104164,"bdl",0.009239,0.659613,"Within_Range",13.3147,0.4153,NA,0,0,NA,0,NA,NA,NA,NA,NA,NA,NA,NA,NA,NA
"COMPASS","CB","TMP_SOURCE_FW_20230607_T3",2023,6,7,"TMP","TMP-II","F",NA,NA,"T3","SOURCE",NA,20230607,1519,NA,"EDT","water in flow thru has one large bubble",0.29,24.17,"blank is greater than or equal to 25% of sample value",0.06,4.29,"blank is greater than or equal to 25% of sample value",0.015843,1.131102,"bdl",0.002338,0.16692,"bdl",0.009248,0.660255,"Within_Range",12.7863,0.3988,NA,0,0,NA,0,NA,NA,NA,NA,NA,NA,NA,NA,NA,NA
"COMPASS","CB","TMP_SOURCE_SW_20230606_T1",2023,6,6,"TMP","TMP-II","S",NA,NA,"T1","SOURCE",NA,20230606,709,NA,"EDT",NA,2.37,197.5,NA,0.26,18.57,"blank is greater than or equal to 25% of sample value",0.072921,5.206151,"Within_Range",0.015608,1.114324,"bdl",0.024306,1.735312,"Within_Range",181.224,5.6527,NA,1507.7995,42.5331,NA,2.7246,NA,NA,NA,NA,NA,NA,NA,NA,NA,NA
"COMPASS","CB","TMP_SOURCE_SW_20230606_T2",2023,6,6,"TMP","TMP-II","S",NA,NA,"T2","SOURCE",NA,20230606,1301,NA,"EDT",NA,4.84,403.33,NA,0.36,25.71,NA,0.023829,1.701257,"bdl",0.029431,2.101209,"Within_Range",0.02708,1.93336,"Within_Range",556.0527,17.3441,NA,4182.4438,117.9815,NA,7.5577,NA,NA,NA,NA,NA,NA,NA,NA,NA,NA
"COMPASS","CB","TMP_SOURCE_SW_20230606_T3",2023,6,6,"TMP","TMP-II","S",NA,NA,"T3","SOURCE",NA,20230606,1502,NA,"EDT",NA,5.03,419.17,NA,0.37,26.43,NA,0.027265,1.946568,"Within_Range",0.026396,1.884527,"Within_Range",0.030739,2.194593,"Within_Range",537.7491,16.7732,NA,4075.8849,114.9756,NA,7.3652,NA,NA,NA,NA,NA,NA,NA,NA,NA,NA
"COMPASS","CB","TMP_SOURCE_SW_20230607_T1",2023,6,7,"TMP","TMP-II","S",NA,NA,"T1","SOURCE",NA,20230607,621,NA,"EDT",NA,5.2,433.33,NA,0.44,31.43,NA,0.001515,0.108163,"bdl",0.023756,1.696045,"Within_Range",0.021962,1.567964,"Within_Range",571.0464,17.8118,NA,4300.3781,121.3083,NA,7.7708,NA,NA,NA,NA,NA,NA,NA,NA,NA,NA
"COMPASS","CB","TMP_SOURCE_SW_20230607_T2",2023,6,7,"TMP","TMP-II","S",NA,NA,"T2","SOURCE",NA,20230607,1255,NA,"EDT","When SW pump cycled, the lines came out brown. Ran it until it came clear again to sample.",6.03,502.5,NA,0.37,26.43,NA,-0.00559,0,"bdl",0.021023,1.500925,"Within_Range",0.024315,1.735955,"Within_Range",514.2798,16.0412,NA,3838.6255,108.2828,NA,6.9364,NA,NA,NA,NA,NA,NA,NA,NA,NA,NA
"COMPASS","CB","TMP_SOURCE_SW_20230607_T3",2023,6,7,"TMP","TMP-II","S",NA,NA,"T3","SOURCE",NA,20230607,1515,NA,"EDT",NA,4.85,404.17,NA,0.41,29.29,NA,-0.007169,0,"bdl",0.029058,2.074579,"Within_Range",0.021818,1.557683,"Within_Range",553.2006,17.2552,NA,4150.0979,117.0691,NA,7.4993,NA,NA,NA,NA,NA,NA,NA,NA,NA,NA
"COMPASS","CB","TMP_PW_C_C6_15CM_20230202",2023,2,2,"TMP","Monitoring","C","C6",15,NA,"PW",20230130,20230202,1000,1,"EST",NA,8.27,689.17,NA,0.27,19.29,NA,NA,NA,NA,NA,NA,NA,NA,NA,NA,NA,NA,NA,NA,NA,NA,NA,NA,NA,NA,NA,NA,NA,NA,NA,NA,NA
"COMPASS","CB","TMP_PW_C_H6_15CM_20230202",2023,2,2,"TMP","Monitoring","C","H6",15,NA,"PW",20230130,20230202,1000,1,"EST",NA,11.4,950,NA,0.39,27.86,NA,NA,NA,NA,NA,NA,NA,NA,NA,NA,NA,NA,NA,NA,NA,NA,NA,NA,NA,NA,NA,NA,NA,NA,NA,NA,NA
"COMPASS","CB","TMP_PW_C_D5_15CM_20230202",2023,2,2,"TMP","Monitoring","C","D5",15,NA,"PW",20230130,20230202,1000,1,"EST",NA,7.77,647.5,NA,0.29,20.71,NA,NA,NA,NA,NA,NA,NA,NA,NA,NA,NA,NA,NA,NA,NA,NA,NA,NA,NA,NA,NA,NA,NA,NA,NA,NA,NA
"COMPASS","CB","TMP_PW_C_E3_15CM_20230202",2023,2,2,"TMP","Monitoring","C","E3",15,NA,"PW",20230130,20230202,1000,1,"EST",NA,8.63,719.17,NA,0.3,21.43,NA,NA,NA,NA,NA,NA,NA,NA,NA,NA,NA,NA,NA,NA,NA,NA,NA,NA,NA,NA,NA,NA,NA,NA,NA,NA,NA
"COMPASS","CB","TMP_PW_C_F6_15CM_20230202",2023,2,2,"TMP","Monitoring","C","F6",15,NA,"PW",20230130,20230202,1000,1,"EST",NA,14.28,1190,NA,0.47,33.57,NA,NA,NA,NA,NA,NA,NA,NA,NA,NA,NA,NA,NA,NA,NA,NA,NA,NA,NA,NA,NA,NA,NA,NA,NA,NA,NA
"COMPASS","CB","TMP_PW_C_I5_15CM_20230202",2023,2,2,"TMP","Monitoring","C","I5",15,NA,"PW",20230130,20230202,1000,1,"EST",NA,14.91,1242.5,NA,0.41,29.29,NA,NA,NA,NA,NA,NA,NA,NA,NA,NA,NA,NA,NA,NA,NA,NA,NA,NA,NA,NA,NA,NA,NA,NA,NA,NA,NA
"COMPASS","CB","TMP_PW_FW_C3_15CM_20230202",2023,2,2,"TMP","Monitoring","F","C3",15,NA,"PW",20230130,20230202,1430,1,"EST",NA,12.3,1025,NA,0.48,34.29,NA,NA,NA,NA,NA,NA,NA,NA,NA,NA,NA,NA,NA,NA,NA,NA,NA,NA,NA,NA,NA,NA,NA,NA,NA,NA,NA
"COMPASS","CB","TMP_PW_FW_C6_15CM_20230202",2023,2,2,"TMP","Monitoring","F","C6",15,NA,"PW",20230130,20230202,1430,1,"EST",NA,7.2,600,NA,0.39,27.86,NA,NA,NA,NA,NA,NA,NA,NA,NA,NA,NA,NA,NA,NA,NA,NA,NA,NA,NA,NA,NA,NA,NA,NA,NA,NA,NA
"COMPASS","CB","TMP_PW_FW_H3_15CM_20230202",2023,2,2,"TMP","Monitoring","F","H3",15,NA,"PW",20230130,20230202,1430,1,"EST",NA,8.89,740.83,NA,0.34,24.29,NA,NA,NA,NA,NA,NA,NA,NA,NA,NA,NA,NA,NA,NA,NA,NA,NA,NA,NA,NA,NA,NA,NA,NA,NA,NA,NA
"COMPASS","CB","TMP_PW_FW_H6_15CM_20230202",2023,2,2,"TMP","Monitoring","F","H6",15,NA,"PW",20230130,20230202,1430,1,"EST",NA,11.86,988.33,NA,1.71,122.14,NA,NA,NA,NA,NA,NA,NA,NA,NA,NA,NA,NA,NA,NA,NA,NA,NA,NA,NA,NA,NA,NA,NA,NA,NA,NA,NA
"COMPASS","CB","TMP_PW_FW_B4_15CM_20230202",2023,2,2,"TMP","Monitoring","F","B4",15,NA,"PW",20230130,20230202,1430,1,"EST",NA,11.29,940.83,NA,0.49,35,NA,NA,NA,NA,NA,NA,NA,NA,NA,NA,NA,NA,NA,NA,NA,NA,NA,NA,NA,NA,NA,NA,NA,NA,NA,NA,NA
"COMPASS","CB","TMP_PW_FW_D5_15CM_20230202",2023,2,2,"TMP","Monitoring","F","D5",15,NA,"PW",20230130,20230202,1430,1,"EST",NA,10.41,867.5,NA,0.35,25,NA,NA,NA,NA,NA,NA,NA,NA,NA,NA,NA,NA,NA,NA,NA,NA,NA,NA,NA,NA,NA,NA,NA,NA,NA,NA,NA
"COMPASS","CB","TMP_PW_FW_F6_15CM_20230202",2023,2,2,"TMP","Monitoring","F","F6",15,NA,"PW",20230130,20230202,1430,1,"EST",NA,13.77,1147.5,NA,0.64,45.71,NA,NA,NA,NA,NA,NA,NA,NA,NA,NA,NA,NA,NA,NA,NA,NA,NA,NA,NA,NA,NA,NA,NA,NA,NA,NA,NA
"COMPASS","CB","TMP_PW_FW_I5_15CM_20230202",2023,2,2,"TMP","Monitoring","F","I5",15,NA,"PW",20230130,20230202,1430,1,"EST",NA,13.09,1090.83,NA,0.58,41.43,NA,NA,NA,NA,NA,NA,NA,NA,NA,NA,NA,NA,NA,NA,NA,NA,NA,NA,NA,NA,NA,NA,NA,NA,NA,NA,NA
"COMPASS","CB","TMP_PW_SW_C3_15CM_20230202",2023,2,2,"TMP","Monitoring","S","C3",15,NA,"PW",20230130,20230202,1130,1,"EST","yellow",45.24,3770,NA,1.47,105,NA,NA,NA,NA,NA,NA,NA,NA,NA,NA,NA,NA,NA,NA,NA,NA,NA,NA,NA,NA,NA,NA,NA,NA,NA,NA,NA
"COMPASS","CB","TMP_PW_SW_C6_15CM_20230202",2023,2,2,"TMP","Monitoring","S","C6",15,NA,"PW",20230130,20230202,1130,1,"EST","yellow",39.86,3321.67,NA,1.82,130,NA,NA,NA,NA,NA,NA,NA,NA,NA,NA,NA,NA,NA,NA,NA,NA,NA,NA,NA,NA,NA,NA,NA,NA,NA,NA,NA
"COMPASS","CB","TMP_PW_SW_F4_15CM_20230202",2023,2,2,"TMP","Monitoring","S","F4",15,NA,"PW",20230130,20230202,1130,1,"EST","slightly colored",20.21,1684.17,NA,1.72,122.86,NA,NA,NA,NA,NA,NA,NA,NA,NA,NA,NA,NA,NA,NA,NA,NA,NA,NA,NA,NA,NA,NA,NA,NA,NA,NA,NA
"COMPASS","CB","TMP_PW_SW_H6_15CM_20230202",2023,2,2,"TMP","Monitoring","S","H6",15,NA,"PW",20230130,20230202,1130,1,"EST","slightly colored",19.65,1637.5,NA,0.76,54.29,NA,NA,NA,NA,NA,NA,NA,NA,NA,NA,NA,NA,NA,NA,NA,NA,NA,NA,NA,NA,NA,NA,NA,NA,NA,NA,NA
"COMPASS","CB","TMP_PW_SW_B4_15CM_20230202",2023,2,2,"TMP","Monitoring","S","B4",15,NA,"PW",20230130,20230202,1130,1,"EST","yellow",42.47,3539.17,NA,1.11,79.29,NA,NA,NA,NA,NA,NA,NA,NA,NA,NA,NA,NA,NA,NA,NA,NA,NA,NA,NA,NA,NA,NA,NA,NA,NA,NA,NA
"COMPASS","CB","TMP_PW_SW_D5_15CM_20230202",2023,2,2,"TMP","Monitoring","S","D5",15,NA,"PW",20230130,20230202,1130,1,"EST","yellow",52.63,4385.83,NA,1.54,110,NA,NA,NA,NA,NA,NA,NA,NA,NA,NA,NA,NA,NA,NA,NA,NA,NA,NA,NA,NA,NA,NA,NA,NA,NA,NA,NA
"COMPASS","CB","TMP_PW_SW_E3_15CM_20230202",2023,2,2,"TMP","Monitoring","S","E3",15,NA,"PW",20230130,20230202,1130,1,"EST","yellow",40.1,3341.67,NA,1.33,95,NA,NA,NA,NA,NA,NA,NA,NA,NA,NA,NA,NA,NA,NA,NA,NA,NA,NA,NA,NA,NA,NA,NA,NA,NA,NA,NA
"COMPASS","CB","TMP_PW_SW_F6_15CM_20230202",2023,2,2,"TMP","Monitoring","S","F6",15,NA,"PW",20230130,20230202,1130,1,"EST","yellow",42.55,3545.83,NA,1.45,103.57,NA,NA,NA,NA,NA,NA,NA,NA,NA,NA,NA,NA,NA,NA,NA,NA,NA,NA,NA,NA,NA,NA,NA,NA,NA,NA,NA
"COMPASS","CB","TMP_PW_C_H3_15CM_20230206",2023,2,6,"TMP","Monitoring","C","H3",15,NA,"PW",20230202,20230206,1015,1,"EST",NA,14.7,1225,NA,0.42,30,NA,NA,NA,NA,NA,NA,NA,NA,NA,NA,NA,NA,NA,NA,NA,NA,NA,NA,NA,NA,NA,NA,NA,NA,NA,NA,NA
"COMPASS","CB","TMP_PW_FW_E3_15CM_20230206",2023,2,6,"TMP","Monitoring","F","E3",15,NA,"PW",20230202,20230206,1100,1,"EST",NA,10.96,913.33,NA,1.31,93.57,NA,NA,NA,NA,NA,NA,NA,NA,NA,NA,NA,NA,NA,NA,NA,NA,NA,NA,NA,NA,NA,NA,NA,NA,NA,NA,NA
"COMPASS","CB","TMP_PW_SW_H3_15CM_20230206",2023,2,6,"TMP","Monitoring","S","H3",15,NA,"PW",20230202,20230206,1040,1,"EST","yellow",24.3,2025,NA,0.95,67.86,NA,NA,NA,NA,NA,NA,NA,NA,NA,NA,NA,NA,NA,NA,NA,NA,NA,NA,NA,NA,NA,NA,NA,NA,NA,NA,NA
"COMPASS","CB","TMP_PW_SW_I5_15CM_20230206",2023,2,6,"TMP","Monitoring","S","I5",15,NA,"PW",20230202,20230206,1040,1,"EST","yellow",85.4,7116.67,NA,3.13,223.57,NA,NA,NA,NA,NA,NA,NA,NA,NA,NA,NA,NA,NA,NA,NA,NA,NA,NA,NA,NA,NA,NA,NA,NA,NA,NA,NA
"COMPASS","CB","TMP_PW_C_I5_15CM_20230417",2023,4,17,"TMP","Monitoring","C","I5",15,NA,"PW",20230414,20230417,931,1,"EDT",NA,15.83,1319.17,NA,0.82,58.57,NA,NA,NA,NA,NA,NA,NA,NA,NA,NA,NA,NA,NA,NA,NA,NA,NA,NA,NA,NA,NA,NA,NA,NA,NA,NA,NA
"COMPASS","CB","TMP_PW_C_H6_15CM_20230417",2023,4,17,"TMP","Monitoring","C","H6",15,NA,"PW",20230414,20230417,912,1,"EDT",NA,12.12,1010,NA,0.47,33.57,NA,NA,NA,NA,NA,NA,NA,NA,NA,NA,NA,NA,NA,NA,NA,NA,NA,NA,NA,NA,NA,NA,NA,NA,NA,NA,NA
"COMPASS","CB","TMP_PW_C_H3_15CM_20230417",2023,4,17,"TMP","Monitoring","C","H3",15,NA,"PW",20230414,20230417,903,1,"EDT",NA,17.32,1443.33,NA,0.73,52.14,NA,NA,NA,NA,NA,NA,NA,NA,NA,NA,NA,NA,NA,NA,NA,NA,NA,NA,NA,NA,NA,NA,NA,NA,NA,NA,NA
"COMPASS","CB","TMP_PW_C_C6_15CM_20230417",2023,4,17,"TMP","Monitoring","C","C6",15,NA,"PW",20230414,20230417,932,1,"EDT",NA,8.4,700,NA,0.34,24.29,NA,NA,NA,NA,NA,NA,NA,NA,NA,NA,NA,NA,NA,NA,NA,NA,NA,NA,NA,NA,NA,NA,NA,NA,NA,NA,NA
"COMPASS","CB","TMP_PW_FW_C3_15CM_20230417",2023,4,17,"TMP","Monitoring","F","C3",15,NA,"PW",20230414,20230417,1017,1,"EDT",NA,13.39,1115.83,NA,0.59,42.14,NA,NA,NA,NA,NA,NA,NA,NA,NA,NA,NA,NA,NA,NA,NA,NA,NA,NA,NA,NA,NA,NA,NA,NA,NA,NA,NA
"COMPASS","CB","TMP_PW_FW_H6_15CM_20230417",2023,4,17,"TMP","Monitoring","F","H6",15,NA,"PW",20230414,20230417,1019,1,"EDT",NA,12.89,1074.17,NA,0.6,42.86,NA,NA,NA,NA,NA,NA,NA,NA,NA,NA,NA,NA,NA,NA,NA,NA,NA,NA,NA,NA,NA,NA,NA,NA,NA,NA,NA
"COMPASS","CB","TMP_PW_FW_D5_15CM_20230417",2023,4,17,"TMP","Monitoring","F","D5",15,NA,"PW",20230414,20230417,1013,1,"EDT",NA,10.7,891.67,NA,0.37,26.43,NA,NA,NA,NA,NA,NA,NA,NA,NA,NA,NA,NA,NA,NA,NA,NA,NA,NA,NA,NA,NA,NA,NA,NA,NA,NA,NA
"COMPASS","CB","TMP_PW_FW_I5_15CM_20230417",2023,4,17,"TMP","Monitoring","F","I5",15,NA,"PW",20230414,20230417,1017,1,"EDT",NA,12.43,1035.83,NA,0.47,33.57,NA,NA,NA,NA,NA,NA,NA,NA,NA,NA,NA,NA,NA,NA,NA,NA,NA,NA,NA,NA,NA,NA,NA,NA,NA,NA,NA
"COMPASS","CB","TMP_PW_FW_H3_15CM_20230417",2023,4,17,"TMP","Monitoring","F","H3",15,NA,"PW",20230414,20230417,1010,1,"EDT",NA,8.59,715.83,NA,0.32,22.86,NA,NA,NA,NA,NA,NA,NA,NA,NA,NA,NA,NA,NA,NA,NA,NA,NA,NA,NA,NA,NA,NA,NA,NA,NA,NA,NA
"COMPASS","CB","TMP_PW_FW_C6_15CM_20230417",2023,4,17,"TMP","Monitoring","F","C6",15,NA,"PW",20230414,20230417,1145,1,"EDT",NA,12.22,1018.33,NA,2.54,181.43,NA,NA,NA,NA,NA,NA,NA,NA,NA,NA,NA,NA,NA,NA,NA,NA,NA,NA,NA,NA,NA,NA,NA,NA,NA,NA,NA
"COMPASS","CB","TMP_PW_SW_F6_15CM_20230417",2023,4,17,"TMP","Monitoring","S","F6",15,NA,"PW",20230414,20230417,954,1,"EDT",NA,42.05,3504.17,NA,1.4,100,NA,NA,NA,NA,NA,NA,NA,NA,NA,NA,NA,NA,NA,NA,NA,NA,NA,NA,NA,NA,NA,NA,NA,NA,NA,NA,NA
"COMPASS","CB","TMP_PW_SW_C6_15CM_20230417",2023,4,17,"TMP","Monitoring","S","C6",15,NA,"PW",20230414,20230417,1136,1,"EDT",NA,34.28,2856.67,NA,1.19,85,NA,NA,NA,NA,NA,NA,NA,NA,NA,NA,NA,NA,NA,NA,NA,NA,NA,NA,NA,NA,NA,NA,NA,NA,NA,NA,NA
"COMPASS","CB","TMP_PW_SW_B4_15CM_20230417",2023,4,17,"TMP","Monitoring","S","B4",15,NA,"PW",20230414,20230417,1001,1,"EDT",NA,49.13,4094.17,NA,1.19,85,NA,NA,NA,NA,NA,NA,NA,NA,NA,NA,NA,NA,NA,NA,NA,NA,NA,NA,NA,NA,NA,NA,NA,NA,NA,NA,NA
"COMPASS","CB","TMP_PW_SW_D5_15CM_20230417",2023,4,17,"TMP","Monitoring","S","D5",15,NA,"PW",20230414,20230417,948,1,"EDT",NA,58,4833.33,NA,1.72,122.86,NA,NA,NA,NA,NA,NA,NA,NA,NA,NA,NA,NA,NA,NA,NA,NA,NA,NA,NA,NA,NA,NA,NA,NA,NA,NA,NA
"COMPASS","CB","TMP_PW_SW_E3_15CM_20230417",2023,4,17,"TMP","Monitoring","S","E3",15,NA,"PW",20230414,20230417,938,1,"EDT",NA,42.35,3529.17,NA,1.35,96.43,NA,NA,NA,NA,NA,NA,NA,NA,NA,NA,NA,NA,NA,NA,NA,NA,NA,NA,NA,NA,NA,NA,NA,NA,NA,NA,NA
"COMPASS","CB","TMP_PW_SW_C3_15CM_20230417",2023,4,17,"TMP","Monitoring","S","C3",15,NA,"PW",20230414,20230417,1129,1,"EDT",NA,53.19,4432.5,NA,1.59,113.57,NA,NA,NA,NA,NA,NA,NA,NA,NA,NA,NA,NA,NA,NA,NA,NA,NA,NA,NA,NA,NA,NA,NA,NA,NA,NA,NA
"COMPASS","CB","TMP_PW_SW_H3_15CM_20230417",2023,4,17,"TMP","Monitoring","S","H3",15,NA,"PW",20230414,20230417,942,1,"EDT",NA,36.41,3034.17,NA,1.08,77.14,NA,NA,NA,NA,NA,NA,NA,NA,NA,NA,NA,NA,NA,NA,NA,NA,NA,NA,NA,NA,NA,NA,NA,NA,NA,NA,NA
"COMPASS","CB","TMP_PW_C_I5_15CM_20230515",2023,5,15,"TMP","Monitoring","C","I5",15,NA,"PW",20230512,20230515,1139,1,"EDT",NA,15.39,1282.5,NA,0.48,34.29,NA,NA,NA,NA,NA,NA,NA,NA,NA,NA,NA,NA,NA,NA,NA,NA,NA,NA,NA,NA,NA,NA,NA,NA,NA,NA,NA
"COMPASS","CB","TMP_PW_C_F6_15CM_20230515",2023,5,15,"TMP","Monitoring","C","F6",15,NA,"PW",20230512,20230515,1136,1,"EDT",NA,15.58,1298.33,NA,0.41,29.29,NA,NA,NA,NA,-0.046479,-3.318341,"bdl",0.006522,0.465634,"Within_Range",0,0,NA,28.2531,0.797,NA,0.0511,NA,NA,NA,NA,NA,NA,NA,NA,NA,NA
"COMPASS","CB","TMP_PW_C_E3_15CM_20230515",2023,5,15,"TMP","Monitoring","C","E3",15,NA,"PW",20230512,20230515,1401,1,"EDT",NA,9.92,826.67,NA,0.48,34.29,NA,NA,NA,NA,NA,NA,NA,NA,NA,NA,NA,NA,NA,NA,NA,NA,NA,NA,NA,NA,NA,NA,NA,NA,NA,NA,NA
"COMPASS","CB","TMP_PW_C_C6_15CM_20230515",2023,5,15,"TMP","Monitoring","C","C6",15,NA,"PW",20230512,20230515,1126,1,"EDT",NA,9.93,827.5,NA,0.32,22.86,NA,NA,NA,NA,NA,NA,NA,NA,NA,NA,0.3224,0.0101,NA,30.5616,0.8621,NA,0.0553,NA,NA,NA,NA,NA,NA,NA,NA,NA,NA
"COMPASS","CB","TMP_PW_C_H6_15CM_20230515",2023,5,15,"TMP","Monitoring","C","H6",15,NA,"PW",20230512,20230515,1136,1,"EDT",NA,14.55,1212.5,NA,0.5,35.71,NA,0.013228,0.944405,"bdl",-0.037608,-2.685001,"bdl",0.00686,0.489766,"Within_Range",4.3694,0.1363,NA,24.2582,0.6843,NA,0.0439,NA,NA,NA,NA,NA,NA,NA,NA,NA,NA
"COMPASS","CB","TMP_PW_FW_B4_15CM_20230515",2023,5,15,"TMP","Monitoring","F","B4",15,NA,"PW",20230512,20230515,1324,1,"EDT",NA,7.94,661.67,NA,0.27,19.29,NA,0.003387,0.241813,"bdl",-0.03547,-2.53236,"bdl",0.002631,0.187839,"bdl",0.7675,0.0239,NA,30.1197,0.8496,NA,0.0545,NA,NA,NA,NA,NA,NA,NA,NA,NA,NA
"COMPASS","CB","TMP_PW_FW_C6_15CM_20230515",2023,5,15,"TMP","Monitoring","F","C6",15,NA,"PW",20230512,20230515,1326,1,"EDT",NA,7.45,620.83,NA,0.34,24.29,NA,0.00286,0.204188,"bdl",-0.007481,-0.534102,"bdl",0.001857,0.132579,"bdl",4.749,0.1481,NA,23.8922,0.674,NA,0.0432,NA,NA,NA,NA,NA,NA,NA,NA,NA,NA
"COMPASS","CB","TMP_PW_FW_D5_15CM_20230515",2023,5,15,"TMP","Monitoring","F","D5",15,NA,"PW",20230512,20230515,1050,1,"EDT",NA,11.23,935.83,NA,0.35,25,NA,-0.005152,0,"bdl",-0.03681,-2.628028,"bdl",0.004426,0.315992,"Within_Range",4.6013,0.1435,NA,0,0,NA,0,NA,NA,NA,NA,NA,NA,NA,NA,NA,NA
"COMPASS","CB","TMP_PW_FW_I5_15CM_20230515",2023,5,15,"TMP","Monitoring","F","I5",15,NA,"PW",20230512,20230515,1036,1,"EDT",NA,11.96,996.67,NA,0.42,30,NA,-0.002149,0,"bdl",-0.041007,-2.92767,"bdl",0.006348,0.453212,"Within_Range",0,0,NA,25.359,0.7153,NA,0.0458,NA,NA,NA,NA,NA,NA,NA,NA,NA,NA
"COMPASS","CB","TMP_PW_FW_E3_15CM_20230515",2023,5,15,"TMP","Monitoring","F","E3",15,NA,"PW",20230512,20230515,1734,1,"EDT",NA,6.88,573.33,NA,0.26,18.57,NA,0.002728,0.194764,"bdl",-0.040715,-2.906823,"bdl",0.004448,0.317562,"Within_Range",0.8464,0.0264,NA,30.2239,0.8526,NA,0.0546,NA,NA,NA,NA,NA,NA,NA,NA,NA,NA
"COMPASS","CB","TMP_PW_FW_H6_15CM_20230515",2023,5,15,"TMP","Monitoring","F","H6",15,NA,"PW",20230512,20230515,1040,1,"EDT",NA,12.36,1030,NA,0.52,37.14,NA,0.001684,0.120228,"bdl",-0.037176,-2.654158,"bdl",0.003304,0.235887,"Within_Range",1.5176,0.0473,NA,27.5025,0.7758,NA,0.0497,NA,NA,NA,NA,NA,NA,NA,NA,NA,NA
"COMPASS","CB","TMP_PW_FW_C3_15CM_20230515",2023,5,15,"TMP","Monitoring","F","C3",15,NA,"PW",20230512,20230515,1321,1,"EDT",NA,7.51,625.83,NA,0.29,20.71,NA,-0.000311,0,"bdl",-0.041799,-2.984215,"bdl",0.002957,0.211113,"bdl",4.9565,0.1546,NA,24.266,0.6845,NA,0.0439,NA,NA,NA,NA,NA,NA,NA,NA,NA,NA
"COMPASS","CB","TMP_PW_FW_H3_15CM_20230515",2023,5,15,"TMP","Monitoring","F","H3",15,NA,"PW",20230512,20230515,1038,1,"EDT",NA,9.76,813.33,NA,0.68,48.57,NA,NA,NA,NA,NA,NA,NA,NA,NA,NA,1.7905,0.0558,NA,29.3985,0.8293,NA,0.0531,NA,NA,NA,NA,NA,NA,NA,NA,NA,NA
"COMPASS","CB","TMP_PW_FW_F6_15CM_20230515",2023,5,15,"TMP","Monitoring","F","F6",15,NA,"PW",20230512,20230515,1314,1,"EDT",NA,14.77,1230.83,NA,0.37,26.43,NA,-0.002273,0,"bdl",-0.047481,-3.389878,"bdl",0.004558,0.325416,"Within_Range",0,0,NA,24.6057,0.6941,NA,0.0445,NA,NA,NA,NA,NA,NA,NA,NA,NA,NA
"COMPASS","CB","TMP_PW_SW_F6_15CM_20230515",2023,5,15,"TMP","Monitoring","S","F6",15,NA,"PW",20230512,20230515,1106,1,"EDT",NA,50.96,4246.67,NA,1.67,119.29,NA,0.016694,1.191858,"bdl",-0.02535,-1.809848,"bdl",0.009559,0.682459,"Within_Range",1.4835,0.0463,NA,32.0722,0.9047,NA,0.058,NA,NA,NA,NA,NA,NA,NA,NA,NA,NA
"COMPASS","CB","TMP_PW_SW_H3_15CM_20230515",2023,5,15,"TMP","Monitoring","S","H3",15,NA,"PW",20230512,20230515,1347,1,"EDT",NA,24.18,2015,NA,0.84,60,NA,NA,NA,NA,NA,NA,NA,NA,NA,NA,NA,NA,NA,NA,NA,NA,NA,NA,NA,NA,NA,NA,NA,NA,NA,NA,NA
"COMPASS","CB","TMP_PW_SW_B4_15CM_20230515",2023,5,15,"TMP","Monitoring","S","B4",15,NA,"PW",20230512,20230515,1059,1,"EDT",NA,50.34,4195,NA,2.75,196.43,NA,0.025068,1.789715,"Within_Range",0.512489,36.588847,"Within_Range",0.021192,1.51299,"Within_Range",4.4366,0.1384,NA,26.1651,0.7381,NA,0.0473,NA,NA,NA,NA,NA,NA,NA,NA,NA,NA
"COMPASS","CB","TMP_PW_SW_C3_15CM_20230515",2023,5,15,"TMP","Monitoring","S","C3",15,NA,"PW",20230512,20230515,1102,1,"EDT",NA,53.12,4426.67,NA,1.41,100.71,NA,NA,NA,NA,NA,NA,NA,NA,NA,NA,11.635,0.3629,NA,28.1102,0.793,NA,0.0508,NA,NA,NA,NA,NA,NA,NA,NA,NA,NA
"COMPASS","CB","TMP_PW_SW_H6_15CM_20230515",2023,5,15,"TMP","Monitoring","S","H6",15,NA,"PW",20230512,20230515,1336,1,"EDT",NA,27.36,2280,NA,0.67,47.86,NA,0.003715,0.26523,"bdl",-0.039194,-2.798232,"bdl",0.004463,0.318633,"Within_Range",0.3839,0.012,NA,28.1246,0.7934,NA,0.0508,NA,NA,NA,NA,NA,NA,NA,NA,NA,NA
"COMPASS","CB","TMP_PW_C_I5_15CM_20230603",2023,6,3,"TMP","Monitoring","C","I5",15,NA,"PW",20230531,20230603,1436,1,"EDT",NA,20.45,1704.17,NA,0.44,31.43,NA,0.021979,1.569178,"bdl",0.027877,1.990262,"Within_Range",0.013431,0.958898,"Within_Range",0,0,NA,0,0,NA,0,NA,NA,NA,NA,NA,NA,NA,NA,NA,NA
"COMPASS","CB","TMP_PW_C_H6_15CM_20230603",2023,6,3,"TMP","Monitoring","C","H6",15,NA,"PW",20230531,20230603,1426,1,"EDT",NA,24.67,2055.83,NA,0.53,37.86,NA,0.021085,1.505351,"bdl",0.046381,3.311344,"Within_Range",0.009746,0.69581,"Within_Range",0,0,NA,0,0,NA,0,NA,NA,NA,6.16,NA,NA,NA,23.3,NA,NA
"COMPASS","CB","TMP_PW_C_C6_15CM_20230603",2023,6,3,"TMP","Monitoring","C","C6",15,NA,"PW",20230531,20230603,1512,1,"EDT",NA,21.48,1790,NA,0.32,22.86,NA,0.016367,1.168512,"bdl",0.010364,0.739932,"bdl",0.009439,0.673892,"Within_Range",0,0,NA,0,0,NA,0,NA,NA,NA,NA,NA,NA,NA,NA,NA,NA
"COMPASS","CB","TMP_PW_FW_D5_15CM_20230603",2023,6,3,"TMP","Monitoring","F","D5",15,NA,"PW",20230531,20230603,1326,1,"EDT",NA,10.05,837.5,NA,0.36,25.71,NA,0.11825,8.442388,"Within_Range",0.031976,2.282907,"Within_Range",0.008643,0.617062,"Within_Range",0,0,NA,0,0,NA,0,NA,NA,NA,7.4,NA,NA,NA,24.7,NA,NA
"COMPASS","CB","TMP_PW_FW_I5_15CM_20230603",2023,6,3,"TMP","Monitoring","F","I5",15,NA,"PW",20230531,20230603,1305,1,"EDT",NA,11.05,920.83,NA,0.4,28.57,NA,0.026503,1.892166,"Within_Range",0.017372,1.240264,"bdl",0.007189,0.513254,"Within_Range",0,0,NA,0,0,NA,0,NA,NA,NA,6.96,NA,NA,NA,22.4,NA,NA
"COMPASS","CB","TMP_PW_SW_B4_15CM_20230603",2023,6,3,"TMP","Monitoring","S","B4",15,NA,"PW",20230531,20230603,1405,1,"EDT",NA,67.48,5623.33,NA,1.45,103.57,NA,0.046831,3.343471,"Within_Range",0.060501,4.319433,"Within_Range",0.035945,2.566272,"Within_Range",0,0,NA,0,0,NA,0,NA,NA,NA,NA,NA,NA,NA,NA,NA,NA
"COMPASS","CB","TMP_PW_FW_D5_15CM_20230605",2023,6,5,"TMP","Monitoring","F","D5",15,NA,"PW",20230603,20230605,1519,1,"EDT",NA,5.19,432.5,NA,0.2,14.29,"blank is greater than or equal to 25% of sample value",NA,NA,NA,NA,NA,NA,NA,NA,NA,0,0,NA,0,0,NA,0,NA,NA,NA,5.36,NA,NA,NA,NA,"temperature not recorded",NA
"COMPASS","CB","TMP_PW_FW_B4_15CM_20230606",2023,6,6,"TMP","TMP-II","F","B4",15,NA,"PW",20230605,20230606,1542,1,"EDT",NA,5.93,494.17,NA,0.67,47.86,NA,NA,NA,NA,NA,NA,NA,NA,NA,NA,2.228,0.0695,NA,173.8469,4.904,NA,0.3142,NA,NA,NA,NA,NA,NA,NA,NA,NA,NA
"COMPASS","CB","TMP_PW_FW_H3_15CM_20230606",2023,6,6,"TMP","TMP-II","F","H3",15,NA,"PW",20230605,20230606,NA,1,"EDT",NA,4.16,346.67,NA,0.19,13.57,"blank is greater than or equal to 25% of sample value",0.024895,1.777364,"bdl",0.009615,0.686457,"bdl",0.00989,0.706091,"Within_Range",2.6645,0.0831,NA,157.5116,4.4432,NA,0.2846,NA,NA,NA,5.45,NA,NA,NA,23.2,NA,NA
"COMPASS","CB","TMP_PW_FW_I5_15CM_20230606",2023,6,6,"TMP","TMP-II","F","I5",15,NA,"PW",20230605,20230606,NA,1,"EDT",NA,4.44,370,NA,0.24,17.14,"blank is greater than or equal to 25% of sample value",0.020389,1.455661,"bdl",0.003799,0.271227,"bdl",0.007578,0.541027,"Within_Range",12.8534,0.4009,NA,31.6279,0.8922,NA,0.0572,NA,NA,NA,6.05,NA,NA,NA,22.9,NA,NA
"COMPASS","CB","TMP_PW_FW_D5_15CM_20230606",2023,6,6,"TMP","TMP-II","F","D5",15,NA,"PW",20230605,20230606,1547,1,"EDT",NA,5.95,495.83,NA,0.25,17.86,"blank is greater than or equal to 25% of sample value",0.017233,1.23034,"bdl",0.00212,0.151356,"bdl",0.007248,0.517467,"Within_Range",2.7038,0.0843,NA,30.2096,0.8522,NA,0.0546,NA,NA,NA,5.03,NA,NA,NA,22.4,NA,NA
"COMPASS","CB","TMP_PW_SW_D5_15CM_20230606",2023,6,6,"TMP","TMP-II","S","D5",15,NA,"PW",20230605,20230606,NA,1,"EDT",NA,4.14,345,NA,0.29,20.71,NA,0.022317,1.593309,"bdl",0.007057,0.50383,"bdl",0.010266,0.732935,"Within_Range",245.8095,7.6672,NA,1925.595,54.3186,NA,3.4796,NA,NA,NA,4.77,NA,NA,NA,23,NA,NA
"COMPASS","CB","TMP_PW_SW_E3_15CM_20230606",2023,6,6,"TMP","TMP-II","S","E3",15,NA,"PW",20230605,20230606,NA,1,"EDT",NA,3.77,314.17,NA,0.28,20,"blank is greater than or equal to 25% of sample value",0.025129,1.79407,"Within_Range",0.500757,35.751248,"Within_Range",0.008458,0.603854,"Within_Range",319.0442,9.9515,NA,2621.7744,73.957,NA,4.7376,NA,NA,NA,NA,NA,NA,NA,NA,NA,NA
"COMPASS","CB","TMP_PW_SW_C3_15CM_20230606",2023,6,6,"TMP","TMP-II","S","C3",15,NA,"PW",20230605,20230606,NA,1,"EDT",NA,8.3,691.67,NA,0.4,28.57,NA,0.019113,1.364561,"bdl",0.018838,1.344928,"bdl",0.013101,0.935338,"Within_Range",370.9801,11.5714,NA,3070.1995,86.6065,NA,5.5479,NA,NA,NA,4.28,NA,NA,NA,24.8,NA,NA
"COMPASS","CB","TMP_PW_FW_C3_15CM_20230606",2023,6,6,"TMP","TMP-II","F","C3",15,NA,"PW",20230605,20230606,NA,1,"EDT",NA,4.035,336.25,"average value of multiple aliquots",0.225,16.07,"average value of multiple aliquots",0.020512,1.464442,"bdl",0.023128,1.65121,"Within_Range",0.006461,0.461279,"Within_Range",12.2001,0.3805,NA,27.3401,0.7712,NA,0.0494,NA,NA,NA,5.89,NA,NA,NA,NA,"temperature not recorded",NA
"COMPASS","CB","TMP_PW_FW_F4_15CM_20230606",2023,6,6,"TMP","TMP-II","F","F4",15,NA,"PW",20230605,20230606,1521,1,"EDT",NA,6.575,547.92,"average value of multiple aliquots",0.29,20.71,"average value of multiple aliquots",0.018922,1.350925,"bdl",0.01171,0.836028,"bdl",0.008027,0.573083,"Within_Range",11.6992,0.3649,NA,26.1745,0.7383,NA,0.0473,NA,NA,NA,5.32,NA,NA,NA,22.4,NA,NA
"COMPASS","CB","TMP_PW_FW_C3_15CM_20230607_AM",2023,6,7,"TMP","TMP-II","F","C3",15,"AM","PW",20230606,20230607,1640,1,"EDT",NA,6.18,515,NA,0.31,22.14,NA,0.00969,0.691812,"bdl",0.046413,3.313628,"Within_Range",0.006728,0.480342,"Within_Range",10.775,0.3361,NA,23.9976,0.6769,NA,0.0434,NA,NA,NA,5.97,NA,NA,NA,18.6,NA,NA
"COMPASS","CB","TMP_PW_FW_I5_15CM_20230607_AM",2023,6,7,"TMP","TMP-II","F","I5",15,"AM","PW",20230606,20230607,1745,1,"EDT",NA,7.46,621.67,NA,0.46,32.86,NA,0.017321,1.236622,"bdl",0.094018,6.712359,"Within_Range",0.009482,0.676962,"Within_Range",2.3636,0.0737,NA,29.6801,0.8372,NA,0.0537,NA,NA,NA,6.01,NA,NA,NA,17.8,NA,NA
"COMPASS","CB","TMP_PW_FW_H3_15CM_20230607_AM",2023,6,7,"TMP","TMP-II","F","H3",15,"AM","PW",20230606,20230607,1800,1,"EDT",NA,4.69,390.83,NA,0.23,16.43,"blank is greater than or equal to 25% of sample value",0.016386,1.169869,"bdl",0.015601,1.113824,"bdl",0.010398,0.742359,"Within_Range",10.042,0.3132,NA,22.5561,0.6363,NA,0.0408,NA,NA,NA,5.49,NA,NA,NA,18.9,NA,NA
"COMPASS","CB","TMP_PW_FW_H6_15CM_20230607_AM",2023,6,7,"TMP","TMP-II","F","H6",15,"AM","PW",20230606,20230607,1736,1,"EDT",NA,8.28,690,NA,0.41,29.29,NA,0.011449,0.817395,"bdl",0.010443,0.745572,"bdl",0.006409,0.457567,"Within_Range",3.0646,0.0956,NA,30.8028,0.8689,NA,0.0557,NA,NA,NA,5.91,NA,NA,NA,18.6,NA,NA
"COMPASS","CB","TMP_PW_FW_D5_15CM_20230607_AM",2023,6,7,"TMP","TMP-II","F","D5",15,"AM","PW",20230606,20230607,1650,1,"EDT",NA,7.08,590,NA,0.24,17.14,"blank is greater than or equal to 25% of sample value",0.010656,0.760779,"bdl",0.004943,0.352903,"bdl",0.0068,0.485482,"Within_Range",2.3655,0.0738,NA,30.8671,0.8707,NA,0.0558,NA,NA,NA,5.52,NA,NA,NA,19.1,NA,NA
"COMPASS","CB","TMP_PW_FW_D5_15CM_20230607_PM",2023,6,7,"TMP","TMP-II","F","D5",15,"PM","PW",20230607,20230607,921,1,"EDT",NA,5.98,498.33,NA,0.24,17.14,"blank is greater than or equal to 25% of sample value",0.005144,0.367253,"bdl",0.325494,23.23845,"Within_Range",0.006966,0.497333,"Within_Range",2.9436,0.0918,NA,27.9519,0.7885,NA,0.0505,NA,NA,NA,5.56,NA,NA,NA,20.3,NA,NA
"COMPASS","CB","TMP_PW_FW_H6_15CM_20230607_PM",2023,6,7,"TMP","TMP-II","F","H6",15,"PM","PW",20230607,20230607,815,1,"EDT",NA,8.16,680,NA,0.54,38.57,NA,0.018615,1.329007,"bdl",0.110858,7.914641,"Within_Range",0.00668,0.476915,"Within_Range",10.5744,0.3298,NA,23.1566,0.6532,NA,0.0419,NA,NA,NA,6.3,NA,NA,NA,22.5,NA,NA
"COMPASS","CB","TMP_PW_FW_H3_15CM_20230607_PM",2023,6,7,"TMP","TMP-II","F","H3",15,"PM","PW",20230607,20230607,827,1,"EDT",NA,4.17,347.5,NA,0.21,15,"blank is greater than or equal to 25% of sample value",0.012947,0.924343,"bdl",0.009062,0.646976,"bdl",0.009699,0.692454,"Within_Range",9.9304,0.3097,NA,23.7221,0.6692,NA,0.0429,NA,NA,NA,5.66,NA,NA,NA,22.4,NA,NA
"COMPASS","CB","TMP_PW_FW_I5_15CM_20230607_PM",2023,6,7,"TMP","TMP-II","F","I5",15,"PM","PW",20230607,20230607,801,1,"EDT",NA,4.08,340,NA,0.18,12.86,"blank is greater than or equal to 25% of sample value",0.004796,0.342408,"bdl",0.010401,0.742573,"bdl",0.007855,0.560803,"Within_Range",10.9701,0.3422,NA,23.0978,0.6516,NA,0.0418,NA,NA,NA,6.25,NA,NA,NA,21.4,NA,NA
"COMPASS","CB","TMP_PW_FW_F4_15CM_20230607_PM",2023,6,7,"TMP","TMP-II","F","F4",15,"PM","PW",20230607,20230607,840,1,"EDT",NA,4.65,387.5,NA,0.2,14.29,"blank is greater than or equal to 25% of sample value",0.005091,0.363469,"bdl",0.006585,0.470132,"bdl",0.008271,0.590503,"Within_Range",12.2291,0.3814,NA,23.8567,0.673,NA,0.0431,NA,NA,NA,5.83,NA,NA,NA,20.8,NA,NA
"COMPASS","CB","TMP_PW_FW_C3_15CM_20230607_PM",2023,6,7,"TMP","TMP-II","F","C3",15,"PM","PW",20230607,20230607,902,1,"EDT",NA,4.51,375.83,NA,0.19,13.57,"blank is greater than or equal to 25% of sample value",0.005902,0.42137,"bdl",0.006033,0.430722,"bdl",0.007544,0.538599,"Within_Range",11.023,0.3438,NA,21.6162,0.6098,NA,0.0391,NA,NA,NA,6.03,NA,NA,NA,20.7,NA,NA
"COMPASS","CB","TMP_PW_FW_B4_15CM_20230607_PM",2023,6,7,"TMP","TMP-II","F","B4",15,"PM","PW",20230607,20230607,934,1,"EDT",NA,4.75,395.83,NA,0.26,18.57,"blank is greater than or equal to 25% of sample value",NA,NA,NA,NA,NA,NA,NA,NA,NA,2.4624,0.0768,NA,206.4674,5.8242,NA,0.3731,NA,NA,NA,NA,NA,NA,NA,NA,NA,NA
"COMPASS","CB","TMP_PW_SW_C3_15CM_20230607_AM",2023,6,7,"TMP","TMP-II","S","C3",15,"AM","PW",20230606,20230607,1619,1,"EDT",NA,6.15,512.5,NA,0.37,26.43,NA,0.012119,0.865229,"bdl",0.037533,2.679646,"Within_Range",0.00954,0.681103,"Within_Range",409.0203,12.758,NA,3340.0572,94.2188,NA,6.0355,NA,NA,NA,4.33,NA,NA,NA,19,NA,NA
"COMPASS","CB","TMP_PW_SW_B4_15CM_20230607_AM",2023,6,7,"TMP","TMP-II","S","B4",15,"AM","PW",20230606,20230607,1631,1,"EDT","small bubbles in syringe",4.18,348.33,NA,0.29,20.71,NA,0.009208,0.6574,"bdl",0.020461,1.460801,"Within_Range",0.009481,0.67689,"Within_Range",377.6524,11.7796,NA,3087.8008,87.103,NA,5.5797,NA,NA,NA,4.81,NA,NA,NA,18.8,NA,NA
"COMPASS","CB","TMP_PW_SW_D5_15CM_20230607_AM",2023,6,7,"TMP","TMP-II","S","D5",15,"AM","PW",20230606,20230607,1748,1,"EDT","small bubbles in syringe",3.87,322.5,NA,0.28,20,"blank is greater than or equal to 25% of sample value",0.010258,0.732364,"bdl",0.006447,0.46028,"bdl",0.008256,0.589432,"Within_Range",293.4522,9.1532,NA,2353.5321,66.3902,NA,4.2529,NA,NA,NA,4.54,NA,NA,NA,18.8,NA,NA
"COMPASS","CB","TMP_PW_SW_E3_15CM_20230607_AM",2023,6,7,"TMP","TMP-II","S","E3",15,"AM","PW",20230606,20230607,1658,1,"EDT","small bubbles in syringe",3.82,318.33,NA,0.29,20.71,NA,0.008309,0.593216,"bdl",0.006978,0.49819,"bdl",0.008096,0.578009,"Within_Range",307.0719,9.578,NA,2632.0821,74.2477,NA,4.7562,NA,NA,NA,4.74,NA,NA,NA,18.5,NA,NA
"COMPASS","CB","TMP_PW_SW_I5_15CM_20230607_PM",2023,6,7,"TMP","TMP-II","S","I5",15,"PM","PW",20230607,20230607,758,1,"EDT","bubbles in syringe",11.37,947.5,NA,0.72,51.43,NA,NA,NA,NA,NA,NA,NA,NA,NA,NA,336.2264,10.4874,NA,3120.4635,88.0244,NA,5.6387,NA,NA,NA,NA,NA,NA,NA,NA,NA,NA
"COMPASS","CB","TMP_PW_SW_E3_15CM_20230607_PM",2023,6,7,"TMP","TMP-II","S","E3",15,"PM","PW",20230607,20230607,823,1,"EDT","bubbles in syringe",3.79,315.83,NA,0.25,17.86,"blank is greater than or equal to 25% of sample value",0.012485,0.891359,"bdl",0.006943,0.495691,"bdl",0.008146,0.581579,"Within_Range",259.0745,8.0809,NA,2327.3879,65.6527,NA,4.2056,NA,NA,NA,4.6,NA,NA,NA,22.1,NA,NA
"COMPASS","CB","TMP_PW_SW_B4_15CM_20230607_PM",2023,6,7,"TMP","TMP-II","S","B4",15,"PM","PW",20230607,20230607,902,1,"EDT","bubbles in syringe",4.27,355.83,NA,0.36,25.71,NA,0.009521,0.679746,"bdl",0.031083,2.219152,"Within_Range",0.010357,0.739432,"Within_Range",440.3089,13.7339,NA,3507.0649,98.9299,NA,6.3373,NA,NA,NA,4.66,NA,NA,NA,22.4,NA,NA
"COMPASS","CB","TMP_PW_SW_C3_15CM_20230607_PM",2023,6,7,"TMP","TMP-II","S","C3",15,"PM","PW",20230607,20230607,815,1,"EDT",NA,5.71,475.83,NA,0.34,24.29,NA,0.00706,0.504044,"bdl",0.040334,2.879622,"Within_Range",0.010277,0.73372,"Within_Range",434.1722,13.5425,NA,3528.5845,99.5369,NA,6.3762,NA,NA,NA,4.32,NA,NA,NA,24.2,NA,NA
"COMPASS","CB","TMP_PW_SW_D5_15CM_20230607_PM",2023,6,7,"TMP","TMP-II","S","D5",15,"PM","PW",20230607,20230607,925,1,"EDT","bubbles in syringe",4.04,336.67,NA,0.32,22.86,NA,0.013495,0.963467,"bdl",0.012057,0.860802,"bdl",0.00792,0.565444,"Within_Range",274.7726,8.5706,NA,2345.3236,66.1586,NA,4.238,NA,NA,NA,NA,NA,NA,NA,NA,NA,NA
"COMPASS","CB","TMP_PW_FW_C3_15CM_20230608",2023,6,8,"TMP","Monitoring","F","C3",15,NA,"PW",20230607,20230608,1734,1,"EDT",NA,4.95,412.5,NA,0.27,19.29,"blank is greater than or equal to 25% of sample value",0.029755,2.12434,"Within_Range",NA,NA,NA,NA,NA,NA,11.6026,0.3619,NA,24.1648,0.6817,NA,0.0437,NA,NA,NA,5.68,NA,NA,NA,19.8,NA,NA
"COMPASS","CB","TMP_PW_FW_I5_15CM_20230608",2023,6,8,"TMP","Monitoring","F","I5",15,NA,"PW",20230607,20230608,1704,1,"EDT",NA,6.64,553.33,NA,0.49,35,NA,0.019677,1.404828,"bdl",NA,NA,NA,NA,NA,NA,10.7456,0.3352,NA,1.7979,0.0507,NA,0.0033,NA,NA,NA,6.05,NA,NA,NA,21.3,NA,NA
"COMPASS","CB","TMP_PW_FW_D5_15CM_20230608",2023,6,8,"TMP","Monitoring","F","D5",15,NA,"PW",20230607,20230608,1805,1,"EDT",NA,5.88,490,NA,0.27,19.29,"blank is greater than or equal to 25% of sample value",0.013152,0.938979,"bdl",NA,NA,NA,NA,NA,NA,3.1147,0.0972,NA,27.7577,0.783,NA,0.0502,NA,NA,NA,5.61,NA,NA,NA,19.3,NA,NA
"COMPASS","CB","TMP_PW_FW_F4_15CM_20230608",2023,6,8,"TMP","Monitoring","F","F4",15,NA,"PW",20230607,20230608,1754,1,"EDT",NA,5.57,464.17,NA,0.28,20,"blank is greater than or equal to 25% of sample value",0.015612,1.114609,"bdl",NA,NA,NA,NA,NA,NA,11.3258,0.3533,NA,24.0322,0.6779,NA,0.0435,NA,NA,NA,6,NA,NA,NA,20,NA,NA
"COMPASS","CB","TMP_PW_FW_H6_15CM_20230608",2023,6,8,"TMP","Monitoring","F","H6",15,NA,"PW",20230607,20230608,1643,1,"EDT",NA,8.49,707.5,NA,0.4,28.57,NA,0.01791,1.278674,"bdl",NA,NA,NA,NA,NA,NA,10.0574,0.3137,NA,0,0,NA,0,NA,NA,NA,6.23,NA,NA,NA,20.8,NA,NA
"COMPASS","CB","TMP_PW_SW_D5_15CM_20230608",2023,6,8,"TMP","Monitoring","S","D5",15,NA,"PW",20230607,20230608,1711,1,"EDT","bubbles in syringe",4.2,350,NA,0.34,24.29,"blank is greater than or equal to 25% of sample value",0.018964,1.353923,"bdl",NA,NA,NA,NA,NA,NA,271.8114,8.4782,NA,2363.8493,66.6812,NA,4.2715,NA,NA,NA,4.62,NA,NA,NA,21.8,NA,NA
"COMPASS","CB","TMP_PW_SW_H6_15CM_20230608",2023,6,8,"TMP","Monitoring","S","H6",15,NA,"PW",20230607,20230608,1634,1,"EDT","bubbles in syringe",4.39,365.83,NA,0.39,27.86,NA,NA,NA,NA,NA,NA,NA,NA,NA,NA,355.9622,11.103,NA,2795.8812,78.8683,NA,5.0522,NA,NA,NA,NA,NA,NA,NA,NA,NA,NA
"COMPASS","CB","TMP_PW_SW_B4_15CM_20230608",2023,6,8,"TMP","Monitoring","S","B4",15,NA,"PW",20230607,20230608,1723,1,"EDT","bubbles in syringe",5.01,417.5,NA,0.37,26.43,NA,0.017183,1.22677,"bdl",NA,NA,NA,NA,NA,NA,457.36,14.2658,NA,3706.9076,104.5672,NA,6.6984,NA,NA,NA,5.11,NA,NA,NA,21.6,NA,NA
"COMPASS","CB","TMP_PW_SW_C3_15CM_20230608",2023,6,8,"TMP","Monitoring","S","C3",15,NA,"PW",20230607,20230608,1733,1,"EDT","bubbles in syringe",6.32,526.67,NA,0.43,30.71,NA,0.041955,2.995352,"Within_Range",NA,NA,NA,NA,NA,NA,436.0629,13.6015,NA,3597.9994,101.495,NA,6.5016,NA,NA,NA,4.53,NA,NA,NA,21,NA,NA
"COMPASS","CB","TMP_PW_SW_E3_15CM_20230608",2023,6,8,"TMP","Monitoring","S","E3",15,NA,"PW",20230607,20230608,1703,1,"EDT","bubbles in syringe",4.38,365,NA,0.38,27.14,NA,0.023178,1.654779,"bdl",NA,NA,NA,NA,NA,NA,243.9557,7.6093,NA,2299.434,64.8641,NA,4.1551,NA,NA,NA,4.91,NA,NA,NA,20.6,NA,NA
"COMPASS","CB","TMP_PW_FW_D5_15CM_20230612",2023,6,12,"TMP","Monitoring","F","D5",15,NA,"PW",20230608,20230612,1555,1,"EDT",NA,6.77,564.17,NA,0.3,21.43,"blank is greater than or equal to 25% of sample value",0.008616,0.615134,"bdl",0.006863,0.48998,"bdl",0.0053,0.37839,"Within_Range",9.282,0.2895,NA,2.0749,0.0585,NA,0.0038,NA,NA,NA,5.97,NA,NA,NA,22.8,NA,NA
"COMPASS","CB","TMP_PW_FW_I5_15CM_20230612",2023,6,12,"TMP","Monitoring","F","I5",15,NA,"PW",20230608,20230612,1528,1,"EDT",NA,8.2,683.33,NA,0.39,27.86,NA,NA,NA,NA,NA,NA,NA,NA,NA,NA,8.2911,0.2586,NA,2.3568,0.0665,NA,0.0043,NA,NA,NA,6.56,NA,NA,NA,21.9,NA,NA
"COMPASS","CB","TMP_PW_SW_B4_15CM_20230612",2023,6,12,"TMP","Monitoring","S","B4",15,NA,"PW",20230608,20230612,1415,1,"EDT",NA,5.19,432.5,NA,0.42,30,NA,0.010725,0.765705,"bdl",0.024701,1.763513,"Within_Range",0.003565,0.254521,"Within_Range",423.1609,13.199,NA,3686.5172,103.992,NA,6.6616,NA,NA,NA,5.42,NA,NA,NA,23,NA,NA
"COMPASS","CB","TMP_PW_SW_E3_15CM_20230612",2023,6,12,"TMP","Monitoring","S","E3",15,NA,"PW",20230608,20230612,1330,1,"EDT",NA,4.12,343.33,NA,0.33,23.57,"blank is greater than or equal to 25% of sample value",0.014678,1.047927,"bdl",0.017132,1.223129,"bdl",0.003508,0.250452,"Within_Range",197.4319,6.1582,NA,2100.4648,59.2515,NA,3.7956,NA,NA,NA,NA,NA,NA,NA,NA,NA,NA
"COMPASS","CB","TMP_PW_C_H6_15CM_20230612",2023,6,12,"TMP","Monitoring","C","H6",15,NA,"PW",20230608,20230612,1647,1,"EDT",NA,16.2,1350,NA,0.75,53.57,NA,0.030325,2.165035,"Within_Range",0.12422,8.868613,"Within_Range",0.00721,0.514754,"Within_Range",10.2618,0.3201,NA,0,0,NA,0,NA,NA,NA,NA,NA,NA,NA,NA,NA,NA
"COMPASS","CB","TMP_PW_FW_I5_15CM_20230614",2023,6,14,"TMP","Monitoring","F","I5",15,NA,"PW",20230612,20230614,1009,1,"EDT",NA,10.73,894.17,NA,0.42,30,NA,0.008194,0.585006,"bdl",0.004138,0.29543,"bdl",0.005764,0.411517,"Within_Range",6.5082,0.203,NA,1.4996,0.0423,NA,0.0027,NA,NA,NA,6.75,NA,NA,NA,21.2,NA,NA
"COMPASS","CB","TMP_PW_FW_C3_15CM_20230614",2023,6,14,"TMP","Monitoring","F","C3",15,NA,"PW",20230612,20230614,939,1,"EDT",NA,6.84,570,NA,0.31,22.14,NA,0.010139,0.723868,"bdl",0.009299,0.663897,"bdl",0.004094,0.292289,"Within_Range",9.533,0.2973,NA,2.9753,0.0839,NA,0.0054,NA,NA,NA,6.45,NA,NA,NA,21.1,NA,NA
"COMPASS","CB","TMP_PW_FW_D5_15CM_20230614",2023,6,14,"TMP","Monitoring","F","D5",15,NA,"PW",20230612,20230614,944,1,"EDT",NA,8.14,678.33,NA,0.35,25,NA,0.01364,0.97382,"bdl",0.009654,0.689242,"bdl",0.005247,0.374606,"Within_Range",7.3681,0.2298,NA,1.6849,0.0475,NA,0.0031,NA,NA,NA,6.3,NA,NA,NA,21.3,NA,NA
"COMPASS","CB","TMP_PW_SW_C3_15CM_20230614",2023,6,14,"TMP","Monitoring","S","C3",15,NA,"PW",20230612,20230614,848,1,"EDT",NA,7.45,620.83,NA,0.64,45.71,NA,0.019162,1.36806,"bdl",0.149076,10.643192,"Within_Range",0.004615,0.329485,"Within_Range",254.6519,7.943,NA,2312.4718,65.2319,NA,4.1787,NA,NA,NA,4.78,NA,NA,NA,19.3,NA,NA
"COMPASS","CB","TMP_PW_SW_E3_15CM_20230614",2023,6,14,"TMP","Monitoring","S","E3",15,NA,"PW",20230612,20230614,855,1,"EDT",NA,5.14,428.33,NA,0.3,21.43,NA,0.007211,0.514825,"bdl",0.003278,0.234031,"bdl",0.003609,0.257662,"Within_Range",161.2745,5.0304,NA,1713.0164,48.322,NA,3.0954,NA,NA,NA,5.4,NA,NA,NA,19.9,NA,NA
"COMPASS","CB","TMP_PW_SW_H6_15CM_20230614",2023,6,14,"TMP","Monitoring","S","H6",15,NA,"PW",20230612,20230614,917,1,"EDT",NA,5.28,440,NA,0.3,21.43,NA,NA,NA,NA,NA,NA,NA,NA,NA,NA,218.8013,6.8247,NA,2025.9915,57.1507,NA,3.661,NA,NA,NA,NA,NA,NA,NA,NA,NA,NA
"COMPASS","CB","TMP_PW_SW_F6_15CM_20230614",2023,6,14,"TMP","Monitoring","S","F6",15,NA,"PW",20230612,20230614,922,1,"EDT",NA,4.09,340.83,NA,0.34,24.29,NA,0.009732,0.69481,"bdl",0.003709,0.264802,"bdl",0.003458,0.246882,"Within_Range",284.9284,8.8873,NA,2472.9192,69.7579,NA,4.4686,NA,NA,NA,5.39,NA,NA,NA,19.9,NA,NA
"COMPASS","CB","TMP_PW_SW_D5_15CM_20230614",2023,6,14,"TMP","Monitoring","S","D5",15,NA,"PW",20230612,20230614,927,1,"EDT",NA,7.68,640,NA,0.44,31.43,NA,0.011353,0.810541,"bdl",0.053131,3.793256,"Within_Range",0.00428,0.305568,"Within_Range",194.2448,6.0588,NA,2204.8413,62.1958,NA,3.9842,NA,NA,NA,5.08,NA,NA,NA,20.9,NA,NA
"COMPASS","CB","TMP_PW_SW_B4_15CM_20230614",2023,6,14,"TMP","Monitoring","S","B4",15,NA,"PW",20230612,20230614,935,1,"EDT",NA,7.82,651.67,NA,0.48,34.29,NA,0.007857,0.560946,"bdl",0.027961,1.996259,"Within_Range",0.004156,0.296715,"Within_Range",389.9092,12.1619,NA,3653.558,103.0623,NA,6.602,NA,NA,NA,5.32,NA,NA,NA,20.5,NA,NA
"COMPASS","CB","TMP_PW_FW_I5_15CM_20230617",2023,6,17,"TMP","Monitoring","F","I5",15,NA,"PW",20230614,20230617,1536,1,"EDT",NA,11.25,937.5,NA,0.46,32.86,NA,0.010105,0.72144,"bdl",0.007092,0.506329,"bdl",0.005455,0.389456,"Within_Range",5.4015,0.1685,NA,2.5017,0.0706,NA,0.0045,NA,NA,NA,6.89,NA,NA,NA,23.4,NA,NA
"COMPASS","CB","TMP_PW_FW_H6_15CM_20230617",2023,6,17,"TMP","Monitoring","F","H6",15,NA,"PW",20230614,20230617,1549,1,"EDT",NA,10.84,903.33,NA,0.52,37.14,NA,0.014745,1.05271,"bdl",0.009781,0.698309,"bdl",0.004665,0.333055,"Within_Range",10.0723,0.3142,NA,2.9411,0.083,NA,0.0053,NA,NA,NA,6.9,NA,NA,NA,23.3,NA,NA
"COMPASS","CB","TMP_PW_SW_E3_15CM_20230617",2023,6,17,"TMP","Monitoring","S","E3",15,NA,"PW",20230614,20230617,1257,1,"EDT",NA,5.16,430,NA,0.33,23.57,NA,0.013746,0.981387,"bdl",0.00822,0.586862,"bdl",0.003916,0.27958,"Within_Range",125.3188,3.9089,NA,1706.4377,48.1365,NA,3.0836,NA,NA,NA,5.11,NA,NA,NA,24.2,NA,NA
"COMPASS","CB","TMP_PW_SW_C3_15CM_20230617",2023,6,17,"TMP","Monitoring","S","C3",15,NA,"PW",20230614,20230617,1201,1,"EDT",NA,9.14,761.67,NA,0.91,65,NA,0.023164,1.65378,"bdl",0.219456,15.66793,"Within_Range",0.005545,0.395882,"Within_Range",237.5144,7.4084,NA,2551.6127,71.9778,NA,4.6108,NA,NA,NA,4.77,NA,NA,NA,24.5,NA,NA
"COMPASS","CB","TMP_PW_SW_B4_15CM_20230617",2023,6,17,"TMP","Monitoring","S","B4",15,NA,"PW",20230614,20230617,1214,1,"EDT",NA,5.88,490,NA,0.41,29.29,NA,0.007939,0.5668,"bdl",0.025105,1.792357,"Within_Range",0.004665,0.333055,"Within_Range",367.4315,11.4607,NA,3519.0792,99.2688,NA,6.359,0.45,0.074,NA,5.33,NA,NA,NA,25.9,NA,NA
"COMPASS","CB","TMP_PW_SW_D5_15CM_20230617",2023,6,17,"TMP","Monitoring","S","D5",15,NA,"PW",20230614,20230617,1228,1,"EDT",NA,4.57,380.83,NA,0.35,25,NA,0.007666,0.54731,"bdl",0.002702,0.192908,"bdl",0.003908,0.279009,"Within_Range",152.0754,4.7435,NA,1932.8073,54.5221,NA,3.4926,NA,NA,NA,5.26,NA,NA,NA,21.2,NA,NA
"COMPASS","CB","TMP_PW_FW_B4_15CM_20230627",2023,6,27,"TMP","Monitoring","F","B4",15,NA,"PW",20230623,20230627,1304,1,"EDT",NA,11.69,974.17,NA,0.55,39.29,NA,0.067161,4.79492,"Within_Range",0.084768,6.051961,"Within_Range",0.004409,0.314778,"Within_Range",6.6033,0.206,NA,1.3472,0.038,NA,0.0025,NA,NA,NA,6.35,NA,NA,NA,24.1,NA,NA
"COMPASS","CB","TMP_PW_FW_E3_15CM_20230627",2023,6,27,"TMP","Monitoring","F","E3",15,NA,"PW",20230623,20230627,1329,1,"EDT",NA,7.34,611.67,NA,0.35,25,NA,0.007426,0.530175,"bdl",0.025066,1.789572,"Within_Range",0.006013,0.429295,"Within_Range",7.5004,0.2339,NA,1.1117,0.0314,NA,0.002,NA,NA,NA,6.44,NA,NA,NA,23.6,NA,NA
"COMPASS","CB","TMP_PW_FW_F6_15CM_20230627",2023,6,27,"TMP","Monitoring","F","F6",15,NA,"PW",20230623,20230627,1326,1,"EDT",NA,11.95,995.83,NA,0.42,30,NA,0.009818,0.70095,"bdl",0.018348,1.309945,"bdl",0.007568,0.540313,"Within_Range",4.5062,0.1406,NA,1.0414,0.0294,NA,0.0019,NA,NA,NA,6.47,NA,NA,NA,23.9,NA,NA
"COMPASS","CB","TMP_PW_FW_I5_15CM_20230627",2023,6,27,"TMP","Monitoring","F","I5",15,NA,"PW",20230623,20230627,1336,1,"EDT",NA,13.21,1100.83,NA,0.5,35.71,NA,0.005164,0.368681,"bdl",0.015525,1.108398,"bdl",0.005998,0.428224,"Within_Range",4.0282,0.1256,NA,1.4158,0.0399,NA,0.0026,NA,NA,NA,6.92,NA,NA,NA,23.6,NA,NA
"COMPASS","CB","TMP_PW_FW_C3_15CM_20230627",2023,6,27,"TMP","Monitoring","F","C3",15,NA,"PW",20230623,20230627,1306,1,"EDT",NA,11.49,957.5,NA,0.4,28.57,NA,0.012036,0.859303,"bdl",0.015638,1.116466,"bdl",0.003511,0.250666,"Within_Range",5.166,0.1611,NA,1.1053,0.0312,NA,0.002,NA,NA,NA,6.47,NA,NA,NA,23.7,NA,NA
"COMPASS","CB","TMP_PW_FW_H3_15CM_20230627",2023,6,27,"TMP","Monitoring","F","H3",15,NA,"PW",20230623,20230627,1334,1,"EDT",NA,6.84,570,NA,0.3,21.43,NA,0.00923,0.65897,"bdl",0.020137,1.437669,"Within_Range",0.00429,0.306282,"Within_Range",7.261,0.2265,NA,1.5292,0.0431,NA,0.0028,NA,NA,NA,6.61,NA,NA,NA,23.3,NA,NA
"COMPASS","CB","TMP_PW_FW_F4_15CM_20230627",2023,6,27,"TMP","Monitoring","F","F4",15,NA,"PW",20230623,20230627,1332,1,"EDT",NA,12.19,1015.83,NA,0.42,30,NA,0.007584,0.541455,"bdl",0.015764,1.125461,"bdl",0.004018,0.286863,"Within_Range",6.3186,0.1971,NA,1.6521,0.0466,NA,0.003,NA,NA,NA,6.55,NA,NA,NA,23.5,NA,NA
"COMPASS","CB","TMP_PW_FW_D5_15CM_20230627",2023,6,27,"TMP","Monitoring","F","D5",15,NA,"PW",20230623,20230627,1323,1,"EDT",NA,13.08,1090,NA,0.36,25.71,NA,0.003544,0.253022,"bdl",0.010922,0.77977,"bdl",0.004684,0.334411,"Within_Range",5.5125,0.1719,NA,1.1247,0.0317,NA,0.0021,0.557,0.074,NA,6.27,NA,NA,NA,23.8,NA,NA
"COMPASS","CB","TMP_PW_SW_C6_15CM_20230627",2023,6,27,"TMP","Monitoring","S","C6",15,NA,"PW",20230623,20230627,1242,1,"EDT","Clear",3.78,315,NA,0.25,17.86,"blank is greater than or equal to 25% of sample value",0.011766,0.840027,"bdl",0.021091,1.505779,"Within_Range",0.003283,0.234388,"Within_Range",140.4608,4.3812,NA,1289.783,36.3832,NA,2.3307,NA,NA,NA,5.75,NA,NA,NA,24.1,NA,NA
"COMPASS","CB","TMP_PW_SW_D5_15CM_20230627",2023,6,27,"TMP","Monitoring","S","D5",15,NA,"PW",20230623,20230627,1245,1,"EDT","Clear",3.52,293.33,NA,0.28,20,NA,0.011718,0.8366,"bdl",0.006891,0.491979,"bdl",0.003299,0.23553,"Within_Range",113.6138,3.5438,NA,1276.1774,35.9994,NA,2.3061,0.514,0.098,NA,5.48,NA,NA,NA,24.3,NA,NA
"COMPASS","CB","TMP_PW_SW_B4_15CM_20230627",2023,6,27,"TMP","Monitoring","S","B4",15,NA,"PW",20230623,20230627,1239,1,"EDT","Clear",6.73,560.83,NA,0.48,34.29,NA,0.01292,0.922416,"bdl",0.099198,7.082182,"Within_Range",0.00349,0.249166,"Within_Range",261.4093,8.1538,NA,2246.0674,63.3587,NA,4.0587,NA,NA,NA,5.62,NA,NA,NA,25,NA,NA
"COMPASS","CB","TMP_PW_SW_C3_15CM_20230627",2023,6,27,"TMP","Monitoring","S","C3",15,NA,"PW",20230623,20230627,1235,1,"EDT","Clear",8.13,677.5,NA,0.48,34.29,NA,0.014161,1.011016,"bdl",0.01619,1.155875,"bdl",0.003771,0.269228,"Within_Range",198.2146,6.1826,NA,1835.179,51.7681,NA,3.3162,NA,NA,NA,5.15,NA,NA,NA,24.7,NA,NA
"COMPASS","CB","TMP_PW_SW_F4_15CM_20230627",2023,6,27,"TMP","Monitoring","S","F4",15,NA,"PW",20230623,20230627,1249,1,"EDT","Clear",6.51,542.5,NA,0.36,25.71,NA,0.019774,1.411753,"bdl",0.012963,0.925486,"bdl",0.00445,0.317705,"Within_Range",126.7284,3.9529,NA,1205.9287,34.0177,NA,2.1791,0.343,0.064,NA,6.22,NA,NA,NA,24.3,NA,NA
"COMPASS","CB","TMP_PW_SW_H6_15CM_20230627",2023,6,27,"TMP","Monitoring","S","H6",15,NA,"PW",20230623,20230627,1255,1,"EDT","Clear",4.82,401.67,NA,0.26,18.57,"blank is greater than or equal to 25% of sample value",0.011443,0.816966,"bdl",0.0196,1.39933,"bdl",0.00402,0.287006,"Within_Range",135.5781,4.2289,NA,1084.5743,30.5945,NA,1.9599,NA,NA,NA,5.93,NA,NA,NA,24.5,NA,NA
"COMPASS","CB","TMP_PW_SW_H3_15CM_20230627",2023,6,27,"TMP","Monitoring","S","H3",15,NA,"PW",20230623,20230627,1252,1,"EDT","Clear",4.37,364.17,NA,0.31,22.14,NA,0.012261,0.875367,"bdl",0.010747,0.767276,"bdl",0.003631,0.259233,"Within_Range",159.0621,4.9614,NA,1294.8153,36.5251,NA,2.3398,NA,NA,NA,5.92,NA,NA,NA,24.3,NA,NA
"COMPASS","CB","TMP_PW_SW_E3_15CM_20230627",2023,6,27,"TMP","Monitoring","S","E3",15,NA,"PW",20230623,20230627,1247,1,"EDT","Clear",3.6,300,NA,0.25,17.86,"blank is greater than or equal to 25% of sample value",0.01599,1.141597,"bdl",0.008356,0.596572,"bdl",0.00309,0.220609,"Within_Range",82.9636,2.5878,NA,1308.7961,36.9195,NA,2.365,NA,NA,NA,5.61,NA,NA,NA,24.3,NA,NA
"COMPASS","CB","TMP_PW_SW_F6_15CM_20230627",2023,6,27,"TMP","Monitoring","S","F6",15,NA,"PW",20230623,20230627,1256,1,"EDT","Clear",3.83,319.17,NA,0.3,21.43,NA,0.003158,0.225464,"bdl",0.005481,0.391313,"bdl",0.00283,0.202046,"bdl",185.051,5.772,NA,1890.7026,53.3343,NA,3.4165,NA,NA,NA,5.62,NA,NA,NA,24.2,NA,NA
"COMPASS","CB","TMP_PW_C_H6_15CM_20230628",2023,6,28,"TMP","Monitoring","C","H6",15,NA,"PW",20230623,20230628,1418,1,"EDT",NA,19.3,1608.33,NA,0.67,47.86,NA,0.00868,0.619703,"bdl",0.021278,1.51913,"Within_Range",0.004845,0.345906,"Within_Range",4.5655,0.1424,NA,0.184,0.0052,NA,4e-04,NA,NA,NA,6.28,NA,NA,NA,23.1,NA,NA
"COMPASS","CB","TMP_PW_C_H3_15CM_20230628",2023,6,28,"TMP","Monitoring","C","H3",15,NA,"PW",20230623,20230628,1402,1,"EDT",NA,20.53,1710.83,NA,2.1,150,NA,0.056143,4.008296,"Within_Range",0.914771,65.30953,"Within_Range",0.006043,0.431436,"Within_Range",6.2648,0.1954,NA,0.6405,0.0181,NA,0.0012,NA,NA,NA,NA,NA,NA,NA,NA,NA,NA
"COMPASS","CB","TMP_PW_C_E3_15CM_20230628",2023,6,28,"TMP","Monitoring","C","E3",15,NA,"PW",20230623,20230628,1406,1,"EDT",NA,10.14,845,NA,0.38,27.14,NA,NA,NA,NA,NA,NA,NA,NA,NA,NA,4.3306,0.1351,NA,0.1986,0.0056,NA,4e-04,NA,NA,NA,6.39,NA,NA,NA,23.7,NA,NA
"COMPASS","CB","TMP_PW_C_D5_15CM_20230628",2023,6,28,"TMP","Monitoring","C","D5",15,NA,"PW",20230623,20230628,1412,1,"EDT",NA,9.77,814.17,NA,0.32,22.86,NA,0.010341,0.73829,"bdl",0.018409,1.3143,"bdl",0.010494,0.749213,"Within_Range",4.7361,0.1477,NA,0,0,NA,0,0.514,0.037,NA,5.98,NA,NA,NA,23.8,NA,NA
"COMPASS","CB","TMP_PW_C_I5_15CM_20230628",2023,6,28,"TMP","Monitoring","C","I5",15,NA,"PW",20230623,20230628,1421,1,"EDT",NA,17.09,1424.17,NA,0.48,34.29,NA,0.010515,0.750712,"bdl",0.0253,1.806278,"Within_Range",0.004718,0.336839,"Within_Range",4.0061,0.125,NA,0.6547,0.0185,NA,0.0012,NA,NA,NA,6.04,NA,NA,NA,23.5,NA,NA
"COMPASS","CB","TMP_PW_C_B4_15CM_20230628",2023,6,28,"TMP","Monitoring","C","B4",15,NA,"PW",20230623,20230628,1409,1,"EDT",NA,11.68,973.33,NA,0.36,25.71,NA,NA,NA,NA,NA,NA,NA,NA,NA,NA,3.6789,0.1148,NA,0.5929,0.0167,NA,0.0011,NA,NA,NA,NA,NA,NA,NA,NA,NA,NA
"COMPASS","CB","TMP_PW_C_F6_15CM_20230628",2023,6,28,"TMP","Monitoring","C","F6",15,NA,"PW",20230623,20230628,1415,1,"EDT",NA,17.37,1447.5,NA,0.49,35,NA,0.011026,0.787195,"bdl",0.023549,1.681267,"Within_Range",0.005913,0.422155,"Within_Range",3.9735,0.1239,NA,1.7583,0.0496,NA,0.0032,NA,NA,NA,NA,NA,NA,NA,NA,NA,NA
"COMPASS","CB","TMP_PW_C_C6_15CM_20230628",2023,6,28,"TMP","Monitoring","C","C6",15,NA,"PW",20230623,20230628,1231,1,"EDT",NA,12.88,1073.33,NA,0.43,30.71,NA,0.010294,0.734934,"bdl",0.022853,1.631576,"Within_Range",0.005226,0.373107,"Within_Range",4.2888,0.1338,NA,33.4684,0.9441,NA,0.0605,NA,NA,NA,6.34,NA,NA,NA,23.9,NA,NA
"COMPASS","CB","TMP_PW_C_H6_15CM_20230707",2023,7,7,"TMP","Monitoring","C","H6",15,NA,"PW",20230705,20230707,1215,1,"EDT",NA,19.94,1661.67,NA,0.84,60,NA,0.011853,0.846238,"bdl",0.045649,3.259083,"Within_Range",0.006725,0.480127,"Within_Range",5.0447,0.1574,NA,0.0393,0.0011,NA,1e-04,NA,NA,NA,6.13,NA,NA,NA,28.9,NA,NA
"COMPASS","CB","TMP_PW_FW_I5_15CM_20230707",2023,7,7,"TMP","Monitoring","F","I5",15,NA,"PW",20230705,20230707,1416,1,"EDT",NA,15.8,1316.67,NA,1.19,85,NA,NA,NA,NA,NA,NA,NA,NA,NA,NA,4.4897,0.14,NA,1.94,0.0547,NA,0.0035,0.642,0.098,NA,6.88,NA,NA,NA,26.3,NA,NA
"COMPASS","CB","TMP_PW_SW_F6_15CM_20230707",2023,7,7,"TMP","Monitoring","S","F6",15,NA,"PW",20230705,20230707,1430,1,"EDT",NA,4.3,358.33,NA,0.35,25,NA,0.015719,1.122249,"bdl",0.023311,1.664275,"Within_Range",0.003699,0.264088,"Within_Range",146.2335,4.5612,NA,1338.7957,37.7657,NA,2.4192,NA,NA,NA,5.53,NA,NA,NA,25.8,NA,NA
"COMPASS","CB","TMP_PW_SW_B4_15CM_20230707",2023,7,7,"TMP","Monitoring","S","B4",15,NA,"PW",20230705,20230707,1239,1,"EDT",NA,7.82,651.67,NA,0.74,52.86,NA,0.022509,1.607017,"bdl",0.245996,17.562738,"Within_Range",0.004626,0.330271,"Within_Range",233.1146,7.2712,NA,1844.9105,52.0426,NA,3.3338,NA,NA,NA,5.6,NA,NA,NA,26.9,NA,NA
"COMPASS","CB","TMP_PW_SW_E3_15CM_20230707",2023,7,7,"TMP","Monitoring","S","E3",15,NA,"PW",20230705,20230707,1435,1,"EDT",NA,4.3,358.33,NA,0.31,22.14,"blank is greater than or equal to 25% of sample value",NA,NA,NA,NA,NA,NA,NA,NA,NA,68.1391,2.1254,NA,1100.9785,31.0572,NA,1.9895,NA,NA,NA,NA,NA,NA,NA,NA,NA,NA
"COMPASS","CB","TMP_PW_SW_C3_15CM_20230707",2023,7,7,"TMP","Monitoring","S","C3",15,NA,"PW",20230705,20230707,1235,1,"EDT",NA,9.05,754.17,NA,0.59,42.14,NA,0.019923,1.422391,"bdl",0.037043,2.644663,"Within_Range",0.005058,0.361113,"Within_Range",202.4973,6.3162,NA,1855.573,52.3434,NA,3.353,NA,NA,NA,4.98,NA,NA,NA,26.3,NA,NA
"COMPASS","CB","TMP_PW_C_I5_15CM_20230710",2023,7,10,"TMP","Monitoring","C","I5",15,NA,"PW",20230707,20230710,1138,1,"EDT",NA,19.03,1585.83,NA,0.74,52.86,NA,0.016933,1.208921,"bdl",0.07103,5.071145,"Within_Range",0.006756,0.482341,"Within_Range",4.8045,0.1499,NA,0.0544,0.0015,NA,1e-04,0.578,0.148,NA,6.48,NA,NA,NA,25.5,NA,NA
"COMPASS","CB","TMP_PW_C_H6_15CM_20230710",2023,7,10,"TMP","Monitoring","C","H6",15,NA,"PW",20230707,20230710,1142,1,"EDT",NA,21.17,1764.17,NA,1.2,85.71,NA,0.023173,1.654423,"bdl",0.15841,11.309588,"Within_Range",0.008732,0.623416,"Within_Range",5.5838,0.1742,NA,0.1134,0.0032,NA,2e-04,NA,NA,NA,6.53,NA,NA,NA,26.9,NA,NA
"COMPASS","CB","TMP_PW_FW_C3_15CM_20230710",2023,7,10,"TMP","Monitoring","F","C3",15,NA,"PW",20230707,20230710,1009,1,"EDT",NA,13.4,1116.67,NA,0.46,32.86,NA,0.012118,0.865157,"bdl",0.024522,1.750734,"Within_Range",0.004324,0.308709,"Within_Range",NA,NA,NA,NA,NA,NA,NA,NA,NA,NA,NA,NA,NA,NA,NA,NA,NA
"COMPASS","CB","TMP_PW_FW_D5_15CM_20230710",2023,7,10,"TMP","Monitoring","F","D5",15,NA,"PW",20230707,20230710,958,1,"EDT",NA,14.07,1172.5,NA,0.52,37.14,NA,0.015596,1.113467,"bdl",0.025658,1.831838,"Within_Range",0.005875,0.419442,"Within_Range",NA,NA,NA,NA,NA,NA,NA,NA,NA,NA,NA,NA,NA,NA,NA,NA,NA
"COMPASS","CB","TMP_PW_FW_F4_15CM_20230710",2023,7,10,"TMP","Monitoring","F","F4",15,NA,"PW",20230707,20230710,944,1,"EDT",NA,14.93,1244.17,NA,0.57,40.71,NA,0.016759,1.196499,"bdl",0.043174,3.082382,"Within_Range",0.005082,0.362826,"Within_Range",NA,NA,NA,NA,NA,NA,NA,NA,NA,NA,NA,NA,NA,NA,NA,NA,NA
"COMPASS","CB","TMP_PW_FW_H6_15CM_20230710",2023,7,10,"TMP","Monitoring","F","H6",15,NA,"PW",20230707,20230710,932,1,"EDT",NA,14.53,1210.83,NA,0.68,48.57,NA,0.014275,1.019155,"bdl",0.0398,2.841497,"Within_Range",0.004335,0.309495,"Within_Range",NA,NA,NA,NA,NA,NA,NA,NA,NA,NA,NA,NA,NA,NA,NA,NA,NA
"COMPASS","CB","TMP_PW_C_H6_15CM_20230807",2023,8,7,"TMP","Monitoring","C","H6",15,NA,"PW",20230804,20230807,1203,1,"EDT",NA,16.67,1389.17,NA,0.68,48.57,NA,0.009898,0.706662,"bdl",0.017779,1.269321,"bdl",0.006485,0.462993,"Within_Range",4.6586,0.1453,NA,0.9717,0.0274,NA,0.0018,NA,NA,NA,6.12,NA,NA,NA,25.9,NA,NA
"COMPASS","CB","TMP_PW_C_H3_15CM_20230807",2023,8,7,"TMP","Monitoring","C","H3",15,NA,"PW",20230804,20230807,1156,1,"EDT",NA,17.57,1464.17,NA,0.6,42.86,NA,0.012725,0.908494,"bdl",0.009864,0.704234,"bdl",0.009301,0.664039,"Within_Range",5.4909,0.1713,NA,0.0087,2e-04,NA,0,NA,NA,NA,NA,NA,NA,NA,NA,NA,NA
"COMPASS","CB","TMP_PW_FW_C3_15CM_20230807",2023,8,7,"TMP","Monitoring","F","C3",15,NA,"PW",20230804,20230807,1254,1,"EDT",NA,13.2,1100,NA,0.55,39.29,NA,NA,NA,NA,NA,NA,NA,NA,NA,NA,4.7227,0.1473,NA,0.0706,0.002,NA,2e-04,NA,NA,NA,NA,NA,NA,NA,NA,NA,NA
"COMPASS","CB","TMP_PW_FW_E3_15CM_20230807",2023,8,7,"TMP","Monitoring","F","E3",15,NA,"PW",20230804,20230807,1433,1,"EDT",NA,7.22,601.67,NA,0.42,30,"blank is greater than or equal to 25% of sample value",0.011574,0.826319,"bdl",0.031242,2.230504,"Within_Range",0.00607,0.433364,"Within_Range",6.2623,0.1953,NA,0.0229,6e-04,NA,1e-04,NA,NA,NA,NA,NA,NA,NA,NA,NA,NA
"COMPASS","CB","TMP_PW_FW_F4_15CM_20230807",2023,8,7,"TMP","Monitoring","F","F4",15,NA,"PW",20230804,20230807,1302,1,"EDT",NA,12.12,1010,NA,0.52,37.14,NA,0.022808,1.628364,"bdl",0.02771,1.978339,"Within_Range",0.006325,0.45157,"Within_Range",4.1846,0.1305,NA,32.2465,0.9096,NA,0.0583,0.578,0.098,NA,6.03,NA,NA,NA,24.7,NA,NA
"COMPASS","CB","TMP_PW_FW_D5_15CM_20230807",2023,8,7,"TMP","Monitoring","F","D5",15,NA,"PW",20230804,20230807,1249,1,"EDT",NA,11.97,997.5,NA,0.48,34.29,NA,0.013548,0.967251,"bdl",0.03121,2.228219,"Within_Range",0.007042,0.502759,"Within_Range",5.045,0.1574,NA,0.0494,0.0014,NA,1e-04,NA,NA,NA,5.91,NA,NA,NA,24.7,NA,NA
"COMPASS","CB","TMP_PW_FW_C6_15CM_20230807",2023,8,7,"TMP","Monitoring","F","C6",15,NA,"PW",20230804,20230807,1245,1,"EDT",NA,7.51,625.83,NA,0.42,30,"blank is greater than or equal to 25% of sample value",NA,NA,NA,NA,NA,NA,NA,NA,NA,5.2473,0.1637,NA,0.4195,0.0118,NA,8e-04,NA,NA,NA,5.78,NA,NA,NA,24.5,NA,NA
"COMPASS","CB","TMP_PW_FW_I5_15CM_20230807",2023,8,7,"TMP","Monitoring","F","I5",15,NA,"PW",20230804,20230807,1305,1,"EDT",NA,14.73,1227.5,NA,0.64,45.71,NA,0.009668,0.690241,"bdl",0.0278,1.984764,"Within_Range",0.007242,0.517038,"Within_Range",4.9603,0.1547,NA,0.0061,2e-04,NA,0,NA,NA,NA,6.26,NA,NA,NA,24.3,NA,NA
"COMPASS","CB","TMP_PW_SW_I5_15CM_20230807",2023,8,7,"TMP","Monitoring","S","I5",15,NA,"PW",20230804,20230807,1240,1,"EDT","clear",18.75,1562.5,NA,1.55,110.71,NA,0.012474,0.890574,"bdl",0.039587,2.82629,"Within_Range",0.009202,0.656971,"Within_Range",112.0355,3.4946,NA,196.1449,5.533,NA,0.3545,0.92,0.679,NA,NA,NA,NA,NA,NA,NA,NA
"COMPASS","CB","TMP_PW_SW_D5_15CM_20230807",2023,8,7,"TMP","Monitoring","S","D5",15,NA,"PW",20230804,20230807,1225,1,"EDT","light yellow",19.92,1660,NA,0.66,47.14,NA,0.012648,0.902996,"bdl",0.016074,1.147594,"bdl",0.011224,0.801331,"Within_Range",53.4867,1.6683,NA,138.56,3.9086,NA,0.2504,0.578,0.037,NA,5.9,NA,NA,NA,24.9,NA,NA
"COMPASS","CB","TMP_PW_SW_B4_15CM_20230807",2023,8,7,"TMP","Monitoring","S","B4",15,NA,"PW",20230804,20230807,1218,1,"EDT","clear",16.93,1410.83,NA,0.7,50,NA,NA,NA,NA,NA,NA,NA,NA,NA,NA,100.7879,3.1437,NA,488.5215,13.7806,NA,0.8828,0.707,0.185,NA,5.72,NA,NA,NA,25.6,NA,NA
"COMPASS","CB","TMP_PW_SW_F6_15CM_20230807",2023,8,7,"TMP","Monitoring","S","F6",15,NA,"PW",20230804,20230807,1228,1,"EDT","clear",9.42,785,NA,0.43,30.71,"blank is greater than or equal to 25% of sample value",0.018966,1.354066,"bdl",0.018013,1.286027,"bdl",0.004101,0.292788,"Within_Range",94.7191,2.9544,NA,457.0739,12.8935,NA,0.826,0.578,0.037,NA,5.62,NA,NA,NA,25.1,NA,NA
"COMPASS","CB","TMP_PW_SW_C6_15CM_20230807",2023,8,7,"TMP","Monitoring","S","C6",15,NA,"PW",20230804,20230807,1223,1,"EDT","clear",19.99,1665.83,NA,0.88,62.86,NA,NA,NA,NA,NA,NA,NA,NA,NA,NA,67.5477,2.1069,NA,158.1097,4.4601,NA,0.2857,0.664,0.128,NA,NA,NA,NA,NA,NA,NA,NA
"COMPASS","CB","TMP_PW_SW_C3_15CM_20230807",2023,8,7,"TMP","Monitoring","S","C3",15,NA,"PW",20230804,20230807,1221,1,"EDT","clear",9.68,806.67,NA,0.58,41.43,NA,0.01025,0.731793,"bdl",0.022388,1.598378,"Within_Range",0.004488,0.320418,"Within_Range",154.3618,4.8148,NA,1207.9926,34.076,NA,2.1829,0.557,0.037,NA,NA,NA,NA,NA,NA,NA,NA
"COMPASS","CB","TMP_PW_SW_E3_15CM_20230807",2023,8,7,"TMP","Monitoring","S","E3",15,NA,"PW",20230804,20230807,1236,1,"EDT","clear",8.31,692.5,NA,0.41,29.29,"blank is greater than or equal to 25% of sample value",NA,NA,NA,NA,NA,NA,NA,NA,NA,64.4411,2.01,NA,395.7641,11.164,NA,0.7152,0.535,0.111,NA,5.6,NA,NA,NA,24.7,NA,NA
"COMPASS","CB","TMP_PW_C_H6_15CM_20230810",2023,8,10,"TMP","Monitoring","C","H6",15,NA,"PW",20230807,20230810,1149,1,"EDT",NA,17.54,1461.67,NA,0.65,46.43,NA,NA,NA,NA,NA,NA,NA,NA,NA,NA,NA,NA,NA,NA,NA,NA,NA,NA,NA,NA,7.08,NA,NA,NA,23.5,NA,NA
"COMPASS","CB","TMP_PW_C_F4_15CM_20230810",2023,8,10,"TMP","Monitoring","C","F4",15,NA,"PW",20230807,20230810,1145,1,"EDT",NA,19.54,1628.33,NA,0.72,51.43,NA,0.009458,0.675248,"bdl",0.02506,1.789144,"Within_Range",0.003797,0.271085,"Within_Range",4.8364,0.1509,NA,0.0371,0.001,NA,1e-04,NA,NA,NA,7.15,NA,NA,NA,24,NA,NA
"COMPASS","CB","TMP_PW_C_D5_15CM_20230810",2023,8,10,"TMP","Monitoring","C","D5",15,NA,"PW",20230807,20230810,1127,1,"EDT",NA,10.96,913.33,NA,0.43,30.71,"blank is greater than or equal to 25% of sample value",NA,NA,NA,NA,NA,NA,NA,NA,NA,NA,NA,NA,NA,NA,NA,NA,NA,NA,NA,NA,NA,NA,NA,NA,NA,NA
"COMPASS","CB","TMP_PW_C_B4_15CM_20230810",2023,8,10,"TMP","Monitoring","C","B4",15,NA,"PW",20230807,20230810,1121,1,"EDT",NA,14.75,1229.17,NA,0.51,36.43,NA,0.007076,0.505187,"bdl",0.025822,1.843546,"Within_Range",0.007523,0.5371,"Within_Range",3.8752,0.1209,NA,0.0705,0.002,NA,2e-04,0.492,0.074,NA,7.1,NA,NA,NA,25,NA,NA
"COMPASS","CB","TMP_PW_C_E3_15CM_20230810",2023,8,10,"TMP","Monitoring","C","E3",15,NA,"PW",20230807,20230810,1140,1,"EDT",NA,11.71,975.83,NA,0.45,32.14,NA,0.010321,0.736862,"bdl",0.026029,1.858325,"Within_Range",0.005576,0.398095,"Within_Range",4.2896,0.1338,NA,0.0034,1e-04,NA,0,NA,NA,NA,7.12,NA,NA,NA,24.2,NA,NA
"COMPASS","CB","TMP_PW_C_C6_15CM_20230810",2023,8,10,"TMP","Monitoring","C","C6",15,NA,"PW",20230807,20230810,1115,1,"EDT",NA,15.05,1254.17,NA,0.51,36.43,NA,0.007289,0.520394,"bdl",0.008397,0.599499,"bdl",0.005798,0.413945,"Within_Range",NA,NA,NA,NA,NA,NA,NA,NA,NA,NA,7.16,NA,NA,NA,24.1,NA,NA
"COMPASS","CB","TMP_PW_C_I5_15CM_20230810",2023,8,10,"TMP","Monitoring","C","I5",15,NA,"PW",20230807,20230810,1156,1,"EDT",NA,20.34,1695,NA,0.6,42.86,NA,0.007634,0.545025,"bdl",0.032139,2.294545,"Within_Range",0.006568,0.468918,"Within_Range",NA,NA,NA,NA,NA,NA,NA,NA,NA,NA,6.9,NA,NA,NA,23.6,NA,NA
"COMPASS","CB","TMP_PW_C_F6_15CM_20230810",2023,8,10,"TMP","Monitoring","C","F6",15,NA,"PW",20230807,20230810,1136,1,"EDT",NA,22.34,1861.67,NA,0.67,47.86,NA,0.010503,0.749855,"bdl",0.032086,2.290761,"Within_Range",0.008045,0.574368,"Within_Range",3.2014,0.0999,NA,0,0,NA,0,NA,NA,NA,7.08,NA,NA,NA,24.2,NA,NA
"COMPASS","CB","TMP_PW_FW_F6_15CM_20230810",2023,8,10,"TMP","Monitoring","F","F6",15,NA,"PW",20230807,20230810,916,1,"EDT",NA,15.04,1253.33,NA,1.61,115,NA,0.052102,3.719791,"Within_Range",0.684655,48.880536,"Within_Range",0.010297,0.735148,"Within_Range",NA,NA,NA,NA,NA,NA,NA,NA,NA,NA,6.97,NA,NA,NA,24,NA,NA
"COMPASS","CB","TMP_PW_FW_B4_15CM_20230810",2023,8,10,"TMP","Monitoring","F","B4",15,NA,"PW",20230807,20230810,953,1,"EDT",NA,14,1166.67,NA,0.55,39.29,NA,NA,NA,NA,NA,NA,NA,NA,NA,NA,NA,NA,NA,NA,NA,NA,NA,NA,NA,NA,6.87,NA,NA,NA,23.8,NA,NA
"COMPASS","CB","TMP_PW_FW_H3_15CM_20230810",2023,8,10,"TMP","Monitoring","F","H3",15,NA,"PW",20230807,20230810,1304,1,"EDT",NA,9.2,766.67,NA,0.42,30,"blank is greater than or equal to 25% of sample value",0.014425,1.029864,"bdl",0.035296,2.519937,"Within_Range",0.004514,0.322274,"Within_Range",5.5601,0.1734,NA,0.8575,0.0242,NA,0.0016,NA,NA,NA,6.9,NA,NA,NA,23.7,NA,NA
"COMPASS","CB","TMP_PW_SW_F4_15CM_20230810",2023,8,10,"TMP","Monitoring","S","F4",15,NA,"PW",20230807,20230810,1032,1,"EDT","yellow",37.24,3103.33,NA,1.23,87.86,NA,0.017507,1.249902,"bdl",0.028808,2.05673,"Within_Range",0.016926,1.208422,"Within_Range",NA,NA,NA,NA,NA,NA,NA,NA,NA,NA,7.02,NA,NA,NA,23.9,NA,NA
"COMPASS","CB","TMP_PW_SW_I5_15CM_20230810",2023,8,10,"TMP","Monitoring","S","I5",15,NA,"PW",20230807,20230810,1012,1,"EDT","yellow",48.78,4065,NA,1.45,103.57,NA,NA,NA,NA,NA,NA,NA,NA,NA,NA,NA,NA,NA,NA,NA,NA,NA,NA,NA,NA,6.73,NA,NA,NA,24.2,NA,NA
"COMPASS","CB","TMP_PW_SW_H6_15CM_20230810",2023,8,10,"TMP","Monitoring","S","H6",15,NA,"PW",20230807,20230810,1006,1,"EDT","yellow",49.79,4149.17,NA,1.55,110.71,NA,0.027695,1.977268,"Within_Range",0.039645,2.830431,"Within_Range",0.023245,1.659563,"Within_Range",NA,NA,NA,NA,NA,NA,NA,NA,NA,NA,6.94,NA,NA,NA,24,NA,NA
"COMPASS","CB","TMP_PW_SW_C6_15CM_20230810",2023,8,10,"TMP","Monitoring","S","C6",15,NA,"PW",20230807,20230810,1053,1,"EDT","very yellow",46.25,3854.17,NA,1.63,116.43,NA,0.026132,1.865679,"Within_Range",0.053509,3.820243,"Within_Range",0.02301,1.642785,"Within_Range",NA,NA,NA,NA,NA,NA,NA,NA,NA,NA,6.97,NA,NA,NA,24.2,NA,NA
"COMPASS","CB","TMP_PW_SW_H3_15CM_20230810",2023,8,10,"TMP","Monitoring","S","H3",15,NA,"PW",20230807,20230810,1018,1,"EDT","yellow",40.67,3389.17,NA,1.35,96.43,NA,0.024161,1.72496,"bdl",0.039142,2.79452,"Within_Range",0.036113,2.578266,"Within_Range",NA,NA,NA,NA,NA,NA,NA,NA,NA,NA,7.28,NA,NA,NA,24.2,NA,NA
"COMPASS","CB","TMP_PW_SW_E3_15CM_20230810",2023,8,10,"TMP","Monitoring","S","E3",15,NA,"PW",20230807,20230810,1025,1,"EDT","light yellow",29.26,2438.33,NA,1,71.43,NA,0.017591,1.255899,"bdl",0.026817,1.914584,"Within_Range",0.00806,0.575439,"Within_Range",NA,NA,NA,NA,NA,NA,NA,NA,NA,NA,6.84,NA,NA,NA,23.8,NA,NA
"COMPASS","CB","TMP_PW_FW_H3_15CM_20231002",2023,10,2,"TMP","Monitoring","F","H3",15,NA,"PW",20230929,20231002,1548,1,"EDT",NA,9.29,774.17,NA,0.48,34.29,NA,0.006145,0.438719,"bdl",0.021164,1.510991,"Within_Range",0.00565,0.403378,"Within_Range",6.4876,0.2024,NA,3.6983,0.1043,NA,0.0067,NA,NA,NA,7.95,NA,NA,NA,20.5,NA,NA
"COMPASS","CB","TMP_PW_SW_D5_15CM_20231002",2023,10,2,"TMP","Monitoring","S","D5",15,NA,"PW",20230929,20231002,1122,1,"EDT",NA,23.07,1922.5,NA,0.75,53.57,NA,0.008819,0.629627,"bdl",0.013927,0.99431,"bdl",0.012103,0.864086,"Within_Range",21.3784,0.6668,NA,124.1628,3.5025,NA,0.2244,NA,NA,NA,NA,NA,NA,NA,NA,NA,NA
"COMPASS","CB","TMP_PW_SW_F6_15CM_20231002",2023,10,2,"TMP","Monitoring","S","F6",15,NA,"PW",20230929,20231002,1525,1,"EDT",NA,30.33,2527.5,NA,1.11,79.29,NA,0.010075,0.719299,"bdl",0.011634,0.830602,"bdl",0.006786,0.484482,"Within_Range",38.5189,1.2015,NA,183.2011,5.1679,NA,0.3311,NA,NA,NA,NA,NA,NA,NA,NA,NA,NA
"COMPASS","CB","TMP_PW_SW_H3_15CM_20231002",2023,10,2,"TMP","Monitoring","S","H3",15,NA,"PW",20230929,20231002,1128,1,"EDT",NA,53.81,4484.17,NA,1.86,132.86,NA,NA,NA,NA,NA,NA,NA,NA,NA,NA,6.7198,0.2096,NA,69.5723,1.9625,NA,0.1257,NA,NA,NA,7.61,NA,NA,NA,21.3,NA,NA
"COMPASS","CB","TMP_PW_SW_C3_15CM_20231002",2023,10,2,"TMP","Monitoring","S","C3",15,NA,"PW",20230929,20231002,1113,1,"EDT",NA,12.36,1030,NA,0.7,50,NA,0.015196,1.084909,"bdl",0.020613,1.471653,"Within_Range",0.00504,0.359828,"Within_Range",126.034,3.9312,NA,988.1749,27.8752,NA,1.7857,NA,NA,NA,5.5,NA,NA,NA,21.2,NA,NA
"COMPASS","CB","TMP_PW_C_I5_15CM_20231002",2023,10,2,"TMP","Monitoring","C","I5",15,NA,"PW",20230929,20231002,1506,1,"EDT",NA,13.19,1099.17,NA,0.43,30.71,NA,NA,NA,NA,NA,NA,NA,NA,NA,NA,4.8548,0.1514,NA,1.449,0.0409,NA,0.0026,NA,NA,NA,6.85,NA,NA,NA,22.5,NA,NA
"COMPASS","CB","TMP_PW_FW_I5_15CM_20231005",2023,10,5,"TMP","Monitoring","F","I5",15,NA,"PW",20231002,20231005,933,1,"EDT",NA,25.54,2128.33,NA,2.69,192.14,NA,NA,NA,NA,NA,NA,NA,NA,NA,NA,NA,NA,NA,NA,NA,NA,NA,NA,NA,NA,NA,NA,NA,NA,NA,NA,NA
"COMPASS","CB","TMP_PW_SW_F6_15CM_20231116",2023,11,16,"TMP","Monitoring","S","F6",15,NA,"PW",20231113,20231116,1152,1,"EST","clear",20.01,1667.5,NA,0.93,66.43,NA,NA,NA,NA,NA,NA,NA,NA,NA,NA,47.6611,1.4866,NA,269.1183,7.5915,NA,0.4863,NA,NA,NA,NA,NA,NA,NA,NA,NA,NA
"COMPASS","CB","TMP_PW_C_I5_15CM_20231208",2023,12,8,"TMP","Monitoring","C","I5",15,NA,"PW",20231205,20231208,950,1,"EST",NA,17.68,1473.33,NA,0.51,36.43,NA,0.011208,0.800188,"bdl",0.044662,3.188617,"Within_Range",0.005506,0.393098,"Within_Range",6.3542,0.1982,NA,0.5431,0.0153,NA,0.001,NA,NA,NA,8.76,"pH value is outside the typical range",NA,NA,11.1,NA,NA
"COMPASS","CB","TMP_PW_FW_F6_15CM_20231208",2023,12,8,"TMP","Monitoring","F","F6",15,NA,"PW",20231205,20231208,1126,1,"EST",NA,14.66,1221.67,NA,0.45,32.14,NA,NA,NA,NA,NA,NA,NA,NA,NA,NA,5.2059,0.1624,NA,0.5455,0.0154,NA,0.001,NA,NA,NA,NA,NA,NA,NA,NA,NA,NA
"COMPASS","CB","TMP_PW_FW_D5_15CM_20231208",2023,12,8,"TMP","Monitoring","F","D5",15,NA,"PW",20231205,20231208,1107,1,"EST",NA,11.31,942.5,NA,0.35,25,NA,0.011,0.785338,"bdl",0.029769,2.12534,"Within_Range",0.004236,0.302427,"Within_Range",5.8569,0.1827,NA,0.4272,0.0121,NA,8e-04,NA,NA,NA,7.46,NA,NA,NA,12.2,NA,NA
"COMPASS","CB","TMP_PW_FW_H3_15CM_20231208",2023,12,8,"TMP","Monitoring","F","H3",15,NA,"PW",20231205,20231208,1117,1,"EST",NA,8.48,706.67,NA,0.29,20.71,NA,0.006725,0.480127,"bdl",0.004461,0.31849,"bdl",0.003235,0.230961,"Within_Range",7.7706,0.2424,NA,1.8021,0.0508,NA,0.0033,NA,NA,NA,7.16,NA,NA,NA,10.8,NA,NA
"COMPASS","CB","TMP_PW_FW_I5_15CM_20231208",2023,12,8,"TMP","Monitoring","F","I5",15,NA,"PW",20231205,20231208,1122,1,"EST",NA,16.98,1415,NA,0.57,40.71,NA,0.008658,0.618133,"bdl",0.002929,0.209114,"bdl",0.003913,0.279366,"Within_Range",4.5548,0.1421,NA,0.6241,0.0176,NA,0.0012,NA,NA,NA,6.81,NA,NA,NA,11.1,NA,NA
"COMPASS","CB","TMP_PW_SW_B4_15CM_20231208",2023,12,8,"TMP","Monitoring","S","B4",15,NA,"PW",20231205,20231208,1038,1,"EST","very yellow",86.41,7200.83,NA,1.97,140.71,NA,NA,NA,NA,NA,NA,NA,NA,NA,NA,23.5173,0.7335,NA,103.2413,2.9123,NA,0.1866,NA,NA,NA,7.79,NA,NA,NA,11.5,NA,NA
"COMPASS","CB","TMP_PW_SW_H3_15CM_20231208",2023,12,8,"TMP","Monitoring","S","H3",15,NA,"PW",20231205,20231208,1057,1,"EST","light yellow",26.05,2170.83,NA,0.79,56.43,NA,NA,NA,NA,NA,NA,NA,NA,NA,NA,7.1348,0.2225,NA,3.2778,0.0925,NA,0.0059,NA,NA,NA,NA,NA,NA,NA,NA,NA,NA
"COMPASS","CB","TMP_PW_SW_F6_15CM_20231208",2023,12,8,"TMP","Monitoring","S","F6",15,NA,"PW",20231205,20231208,1046,1,"EST","light yellow",38.61,3217.5,NA,1.23,87.86,NA,NA,NA,NA,NA,NA,NA,NA,NA,NA,29.5539,0.9218,NA,127.7845,3.6046,NA,0.2309,NA,NA,NA,7.4,NA,NA,NA,10.9,NA,NA
"COMPASS","CB","TMP_PW_C_B4_15CM_20231211",2023,12,11,"TMP","Monitoring","C","B4",15,NA,"PW",20231208,20231211,1012,1,"EST",NA,23.49,1957.5,NA,0.92,65.71,NA,NA,NA,NA,NA,NA,NA,NA,NA,NA,15.3405,0.4785,NA,3.0224,0.0853,NA,0.0055,NA,NA,NA,NA,NA,NA,NA,NA,NA,NA
"COMPASS","CB","TMP_PW_C_H6_15CM_20231211",2023,12,11,"TMP","Monitoring","C","H6",15,NA,"PW",20231208,20231211,1000,1,"EST",NA,11.97,997.5,NA,0.4,28.57,NA,0.007982,0.56987,"bdl",0.004808,0.343264,"bdl",0.008641,0.616919,"Within_Range",4.8134,0.1501,NA,0.0616,0.0017,NA,1e-04,NA,NA,NA,7.37,NA,NA,NA,9.1,NA,NA
"COMPASS","CB","TMP_PW_C_H3_15CM_20231211",2023,12,11,"TMP","Monitoring","C","H3",15,NA,"PW",20231208,20231211,946,1,"EST",NA,20.84,1736.67,NA,0.77,55,NA,0.019704,1.406755,"bdl",0.170349,12.161965,"Within_Range",0.004901,0.349904,"Within_Range",5.5834,0.1742,NA,0.3123,0.0088,NA,6e-04,NA,NA,NA,7.8,NA,NA,NA,10.6,NA,NA
"COMPASS","CB","TMP_PW_FW_F4_15CM_20231211",2023,12,11,"TMP","Monitoring","F","F4",15,NA,"PW",20231208,20231211,1144,1,"EST",NA,15.21,1267.5,NA,0.44,31.43,NA,0.005152,0.367824,"bdl",0.006408,0.457495,"bdl",0.004497,0.321061,"Within_Range",NA,NA,NA,NA,NA,NA,NA,NA,NA,NA,7.52,NA,NA,NA,8.8,NA,NA
"COMPASS","CB","TMP_PW_SW_F6_15CM_20231211",2023,12,11,"TMP","Monitoring","S","F6",15,NA,"PW",20231208,20231211,1049,1,"EST","light yellow",34.86,2905,NA,1.09,77.86,NA,0.013129,0.937337,"bdl",0.013743,0.981173,"bdl",0.011085,0.791407,"Within_Range",NA,NA,NA,NA,NA,NA,NA,NA,NA,NA,NA,NA,NA,NA,NA,NA,NA
"COMPASS","CB","TMP_PW_SW_B4_15CM_20231211",2023,12,11,"TMP","Monitoring","S","B4",15,NA,"PW",20231208,20231211,1031,1,"EST","yellow",51.56,4296.67,NA,1.22,87.14,NA,0.026971,1.925578,"Within_Range",0.081782,5.838777,"Within_Range",0.035941,2.565986,"Within_Range",NA,NA,NA,NA,NA,NA,NA,NA,NA,NA,NA,NA,NA,NA,NA,NA,NA
"COMPASS","CB","TMP_PW_SW_H3_15CM_20231211",2023,12,11,"TMP","Monitoring","S","H3",15,NA,"PW",20231208,20231211,NA,1,"EST","yellow",12.3,1025,NA,0.56,40,NA,NA,NA,NA,NA,NA,NA,NA,NA,NA,NA,NA,NA,NA,NA,NA,NA,NA,NA,NA,NA,NA,NA,NA,NA,NA,NA
"COMPASS","CB","TMP_PW_SW_C3_15CM_20231211",2023,12,11,"TMP","Monitoring","S","C3",15,NA,"PW",20231208,20231211,1025,1,"EST","yellow",34.13,2844.17,NA,2.19,156.43,NA,NA,NA,NA,NA,NA,NA,NA,NA,NA,NA,NA,NA,NA,NA,NA,NA,NA,NA,NA,NA,NA,NA,NA,NA,NA,NA
"COMPASS","CB","TMP_PW_SW_D5_15CM_20231211",2023,12,11,"TMP","Monitoring","S","D5",15,NA,"PW",20231208,20231211,1043,1,"EST","yellow",32.69,2724.17,NA,0.98,70,NA,NA,NA,NA,NA,NA,NA,NA,NA,NA,NA,NA,NA,NA,NA,NA,NA,NA,NA,NA,NA,NA,NA,NA,NA,NA,NA
"COMPASS","CB","TMP_PW_C_C6_15CM_20231211",2023,12,11,"TMP","Monitoring","C","C6",15,NA,"PW",20231208,20231211,1015,1,"EST",NA,NA,NA,NA,NA,NA,NA,0.007982,0.56987,"bdl",0.004569,0.326201,"bdl",0.004971,0.354902,"Within_Range",NA,NA,NA,NA,NA,NA,NA,NA,NA,NA,NA,NA,NA,NA,NA,NA,NA
"COMPASS","CB","TMP_PW_FW_B4_15CM_20230807",2023,8,7,"TMP","Monitoring","F","B4",15,NA,"PW",20230804,20230807,1257,1,"EDT",NA,NA,NA,NA,NA,NA,NA,0.027509,1.963989,"Within_Range",0.038996,2.784096,"Within_Range",0.005646,0.403093,"Within_Range",4.9651,0.1549,NA,32.8252,0.926,NA,0.0593,NA,NA,NA,NA,NA,NA,NA,NA,NA,NA
"COMPASS","CB","TMP_PW_FW_C3_15CM_20230617",2023,6,17,"TMP","Monitoring","F","C3",15,NA,"PW",20230614,20230617,1502,1,"EDT",NA,NA,NA,NA,NA,NA,NA,0.014523,1.036861,"bdl",0.021476,1.533266,"Within_Range",0.003912,0.279295,"Within_Range",7.6582,0.2389,NA,2.4234,0.0684,NA,0.0044,0.45,0.037,NA,6.68,NA,NA,NA,23.2,NA,NA
"COMPASS","CB","TMP_PW_FW_C6_15CM_20230614",2023,6,14,"TMP","Monitoring","F","C6",15,NA,"PW",20230612,20230614,927,1,"EDT",NA,NA,NA,NA,NA,NA,NA,0.040543,2.894543,"Within_Range",0.492433,35.156961,"Within_Range",0.003892,0.277867,"Within_Range",6.907,0.2154,NA,2.6658,0.0752,NA,0.0048,NA,NA,NA,NA,NA,NA,NA,NA,NA,NA
"COMPASS","CB","TMP_PW_FW_C6_15CM_20231208",2023,12,8,"TMP","Monitoring","F","C6",15,NA,"PW",20231205,20231208,1105,1,"EST",NA,NA,NA,NA,NA,NA,NA,0.01294,0.923844,"bdl",0.30909,22.067296,"Within_Range",0.050299,3.591067,"Within_Range",6.8331,0.2131,NA,3.1304,0.0883,NA,0.0057,NA,NA,NA,NA,NA,NA,NA,NA,NA,NA
"COMPASS","CB","TMP_PW_FW_D5_15CM_20230617",2023,6,17,"TMP","Monitoring","F","D5",15,NA,"PW",20230614,20230617,1513,1,"EDT",NA,NA,NA,NA,NA,NA,NA,0.007562,0.539884,"bdl",0.011002,0.785481,"bdl",0.006035,0.430865,"Within_Range",5.7945,0.1807,NA,2.7877,0.0786,NA,0.0051,NA,NA,NA,NA,NA,NA,NA,NA,NA,NA
"COMPASS","CB","TMP_PW_FW_D5_15CM_20231002",2023,10,2,"TMP","Monitoring","F","D5",15,NA,"PW",20230929,20231002,1531,1,"EDT",NA,NA,NA,NA,NA,NA,NA,0.014451,1.031721,"bdl",0.013657,0.975033,"bdl",0.005635,0.402307,"Within_Range",4.4258,0.138,NA,0.255,0.0072,NA,5e-04,NA,NA,NA,NA,NA,NA,NA,NA,NA,NA
"COMPASS","CB","TMP_PW_FW_E3_15CM_20231211",2023,12,11,"TMP","Monitoring","F","E3",15,NA,"PW",20231208,20231211,1137,1,"EST",NA,NA,NA,NA,NA,NA,NA,0.011157,0.796547,"bdl",0.039443,2.816009,"Within_Range",0.00423,0.301998,"Within_Range",NA,NA,NA,NA,NA,NA,NA,NA,NA,NA,NA,NA,NA,NA,NA,NA,NA
"COMPASS","CB","TMP_PW_FW_F6_15CM_20231211",2023,12,11,"TMP","Monitoring","F","F6",15,NA,"PW",20231208,20231211,1208,1,"EST",NA,NA,NA,NA,NA,NA,NA,0.00722,0.515468,"bdl",0.004288,0.306139,"bdl",0.010227,0.730151,"Within_Range",NA,NA,NA,NA,NA,NA,NA,NA,NA,NA,7.88,NA,NA,NA,8.4,NA,NA
"COMPASS","CB","TMP_PW_FW_H3_15CM_20230614",2023,6,14,"TMP","Monitoring","F","H3",15,NA,"PW",20230612,20230614,1006,1,"EDT",NA,NA,NA,NA,NA,NA,NA,0.023743,1.695117,"bdl",0.028537,2.037382,"Within_Range",0.004336,0.309566,"Within_Range",9.601,0.2995,NA,3.4877,0.0984,NA,0.0063,NA,NA,NA,NA,NA,NA,NA,NA,NA,NA
"COMPASS","CB","TMP_PW_FW_H6_15CM_20230612",2023,6,12,"TMP","Monitoring","F","H6",15,NA,"PW",20230608,20230612,1543,1,"EDT",NA,NA,NA,NA,NA,NA,NA,0.016064,1.14688,"bdl",0.012757,0.910778,"bdl",0.004778,0.341122,"Within_Range",9.6885,0.3022,NA,1.4808,0.0418,NA,0.0027,NA,NA,NA,NA,NA,NA,NA,NA,NA,NA
"COMPASS","CB","TMP_PW_FW_I5_15CM_20230710",2023,7,10,"TMP","Monitoring","F","I5",15,NA,"PW",20230707,20230710,920,1,"EDT",NA,NA,NA,NA,NA,NA,NA,0.037255,2.659799,"Within_Range",0.304932,21.770438,"Within_Range",0.006155,0.439433,"Within_Range",NA,NA,NA,NA,NA,NA,NA,NA,NA,NA,NA,NA,NA,NA,NA,NA,NA
"COMPASS","CB","TMP_PW_FW_I5_15CM_20231002",2023,10,2,"TMP","Monitoring","F","I5",15,NA,"PW",20230929,20231002,1550,1,"EDT",NA,NA,NA,NA,NA,NA,NA,0.012132,0.866157,"bdl",0.036704,2.62046,"Within_Range",0.007426,0.530175,"Within_Range",4.4138,0.1377,NA,0.3448,0.0097,NA,6e-04,NA,NA,NA,NA,NA,NA,NA,NA,NA,NA
"COMPASS","CB","TMP_PW_SW_B4_15CM_20230810",2023,8,10,"TMP","Monitoring","S","B4",15,NA,"PW",20230807,20230810,1058,1,"EDT","very yellow",NA,NA,NA,NA,NA,NA,0.053738,3.836592,"Within_Range",0.444228,31.715393,"Within_Range",0.050842,3.629834,"Within_Range",NA,NA,NA,NA,NA,NA,NA,NA,NA,NA,6.86,NA,NA,NA,24.5,NA,NA
"COMPASS","CB","TMP_PW_SW_D5_15CM_20231208",2023,12,8,"TMP","Monitoring","S","D5",15,NA,"PW",20231205,20231208,1042,1,"EST","light yellow",NA,NA,NA,NA,NA,NA,0.009336,0.666538,"bdl",0.024498,1.74902,"Within_Range",0.012743,0.909779,"Within_Range",19.8967,0.6206,NA,79.8801,2.2533,NA,0.1444,NA,NA,NA,NA,NA,NA,NA,NA,NA,NA
"COMPASS","CB","TMP_PW_SW_F6_15CM_20230617",2023,6,17,"TMP","Monitoring","S","F6",15,NA,"PW",20230614,20230617,1242,1,"EDT",NA,NA,NA,NA,NA,NA,NA,0.015824,1.129745,"bdl",0.004916,0.350975,"bdl",0.003852,0.275011,"Within_Range",207.3424,6.4673,NA,2158.9773,60.902,NA,3.9013,NA,NA,NA,NA,NA,NA,NA,NA,NA,NA
"COMPASS","CB","TMP_PW_SW_I5_15CM_20230627",2023,6,27,"TMP","Monitoring","S","I5",15,NA,"PW",20230623,20230627,1253,1,"EDT","Clear",NA,NA,NA,NA,NA,NA,0.0216,1.542119,"bdl",0.137491,9.816088,"Within_Range",0.018263,1.303876,"Within_Range",314.274,9.8027,NA,2746.1598,77.4657,NA,4.9623,NA,NA,NA,4.79,NA,NA,NA,25,NA,NA
"COMPASS","CB","TMP_PW_FW_B4_15CM_20230607_AM",2023,6,7,"TMP","TMP-II","F","B4",15,"AM","PW",20230606,20230607,1630,1,"EDT",NA,NA,NA,NA,NA,NA,NA,0.01947,1.390049,"bdl",0.011881,0.848237,"bdl",0.006879,0.491122,"Within_Range",11.1494,0.3478,NA,27.9934,0.7897,NA,0.0506,NA,NA,NA,NA,NA,NA,NA,NA,NA,NA
"COMPASS","CB","TMP_PW_FW_C3_15CM_20230603",2023,6,3,"TMP","Monitoring","F","C3",15,NA,"PW",20230531,20230603,1334,1,"EDT",NA,NA,NA,NA,NA,NA,NA,0.056177,4.010723,"Within_Range",0.0468,3.341258,"Within_Range",0.006404,0.45721,"Within_Range",6.9627,0.2172,NA,0,0,NA,0,NA,NA,NA,NA,NA,NA,NA,NA,NA,NA
"COMPASS","CB","TMP_PW_FW_E3_15CM_20230607_AM",2023,6,7,"TMP","TMP-II","F","E3",15,"AM","PW",20230606,20230607,1705,1,"EDT",NA,NA,NA,NA,NA,NA,NA,0.016999,1.213633,"bdl",0.015945,1.138384,"bdl",0.011846,0.845738,"Within_Range",17.1031,0.5335,NA,109.9031,3.1002,NA,0.1986,NA,NA,NA,NA,NA,NA,NA,NA,NA,NA
"COMPASS","CB","TMP_PW_FW_E3_15CM_20230607_PM",2023,6,7,"TMP","TMP-II","F","E3",15,"PM","PW",20230607,20230607,852,1,"EDT",NA,NA,NA,NA,NA,NA,NA,0.011911,0.850379,"bdl",0.010303,0.735577,"bdl",0.011609,0.828818,"Within_Range",1.6618,0.0518,NA,76.4921,2.1577,NA,0.1382,NA,NA,NA,NA,NA,NA,NA,NA,NA,NA
"COMPASS","CB","TMP_PW_FW_F4_15CM_20230607_AM",2023,6,7,"TMP","TMP-II","F","F4",15,"AM","PW",20230606,20230607,1716,1,"EDT",NA,NA,NA,NA,NA,NA,NA,0.010309,0.736005,"bdl",0.010309,0.736005,"bdl",0.007066,0.504473,"Within_Range",10.7834,0.3364,NA,22.9227,0.6466,NA,0.0414,NA,NA,NA,5.55,NA,NA,NA,18.6,NA,NA
"COMPASS","CB","TMP_PW_SW_C3_15CM_20230603",2023,6,3,"TMP","Monitoring","S","C3",15,NA,"PW",20230531,20230603,1401,1,"EDT",NA,NA,NA,NA,NA,NA,NA,0.034786,2.483526,"Within_Range",0.212291,15.156389,"Within_Range",0.017179,1.226484,"Within_Range",16.9613,0.529,NA,72.6361,2.049,NA,0.1313,NA,NA,NA,NA,NA,NA,NA,NA,NA,NA
"COMPASS","CB","TMP_PW_SW_F6_15CM_20230607_AM",2023,6,7,"TMP","TMP-II","S","F6",15,"AM","PW",20230606,20230607,1740,1,"EDT",NA,NA,NA,NA,NA,NA,NA,0.017759,1.267893,"bdl",0.019399,1.38498,"bdl",0.009222,0.658399,"Within_Range",179.5693,5.601,NA,2040.5184,57.5605,NA,3.6872,NA,NA,NA,NA,NA,NA,NA,NA,NA,NA
"COMPASS","CB","TMP_PW_SW_F6_15CM_20230607_PM",2023,6,7,"TMP","TMP-II","S","F6",15,"PM","PW",20230607,20230607,817,1,"EDT","bubbles in syringe",NA,NA,NA,NA,NA,NA,0.016409,1.171511,"bdl",0.026626,1.900947,"Within_Range",0.010175,0.726438,"Within_Range",241.3634,7.5285,NA,2475.2435,69.8235,NA,4.4728,NA,NA,NA,NA,NA,NA,NA,NA,NA,NA
"COMPASS","CB","TMP_PW_SW_H3_15CM_20230603",2023,6,3,"TMP","Monitoring","S","H3",15,NA,"PW",20230531,20230603,1507,1,"EDT",NA,NA,NA,NA,NA,NA,NA,0.039788,2.840641,"Within_Range",0.051243,3.658463,"Within_Range",0.022154,1.581672,"Within_Range",0,0,NA,0,0,NA,0,NA,NA,NA,NA,NA,NA,NA,NA,NA,NA
"COMPASS","CB","TMP_PW_SW_H3_15CM_20230607_PM",2023,6,7,"TMP","TMP-II","S","H3",15,"PM","PW",20230607,20230607,843,1,"EDT","bubbles in syringe",NA,NA,NA,NA,NA,NA,0.035586,2.540641,"Within_Range",0.058703,4.191066,"Within_Range",0.00938,0.66968,"Within_Range",417.903,13.035,NA,3346.2074,94.3923,NA,6.0466,NA,NA,NA,NA,NA,NA,NA,NA,NA,NA
"COMPASS","CB","TMP_PW_SW_H6_15CM_20230606",2023,6,6,"TMP","TMP-II","S","H6",15,NA,"PW",20230605,20230606,NA,1,"EDT",NA,NA,NA,NA,NA,NA,NA,0.024862,1.775008,"bdl",0.04432,3.1642,"Within_Range",0.008111,0.57908,"Within_Range",289.7861,9.0389,NA,2333.7833,65.8331,NA,4.2172,NA,NA,NA,NA,NA,NA,NA,NA,NA,NA
"COMPASS","CB","TMP_PW_SW_H6_15CM_20230607_AM",2023,6,7,"TMP","TMP-II","S","H6",15,"AM","PW",20230606,20230607,1731,1,"EDT","small bubbles in syringe",NA,NA,NA,NA,NA,NA,0.0212,1.513561,"bdl",0.025532,1.822842,"Within_Range",0.010209,0.728865,"Within_Range",328.6347,10.2506,NA,2596.6389,73.2479,NA,4.6922,NA,NA,NA,NA,NA,NA,NA,NA,NA,NA
"COMPASS","CB","TMP_PW_SW_H6_15CM_20230607_PM",2023,6,7,"TMP","TMP-II","S","H6",15,"PM","PW",20230607,20230607,810,1,"EDT","bubbles in syringe",NA,NA,NA,NA,NA,NA,0.025511,1.821343,"Within_Range",0.220279,15.726688,"Within_Range",0.010873,0.776271,"Within_Range",348.1968,10.8608,NA,2769.4651,78.1231,NA,5.0044,NA,NA,NA,NA,NA,NA,NA,NA,NA,NA
"COMPASS","CB","TMP_PW_SW_I5_15CM_20230606",2023,6,6,"TMP","TMP-II","S","I5",15,NA,"PW",20230605,20230606,NA,1,"EDT",NA,NA,NA,NA,NA,NA,NA,0.019322,1.379483,"bdl",0.021882,1.562252,"Within_Range",0.020235,1.444666,"Within_Range",236.291,7.3703,NA,2285.8504,64.481,NA,4.1306,NA,NA,NA,5.01,NA,NA,NA,23.7,NA,NA
"COMPASS","CB","TMP_PW_FW_H3_15CM_20230518",2023,5,18,"TMP","Monitoring","F","H3",15,NA,"PW",20230515,20230518,1715,1,"EDT",NA,NA,NA,NA,NA,NA,NA,0.00505,0.360542,"bdl",-0.02873,-2.051161,"bdl",0.004852,0.346406,"Within_Range",NA,NA,NA,NA,NA,NA,NA,NA,NA,NA,NA,NA,NA,NA,NA,NA,NA
"COMPASS","CB","TMP_PW_FW_B4_15CM_20230608",2023,6,8,"TMP","Monitoring","F","B4",15,NA,"PW",20230607,20230608,1723,1,"EDT",NA,NA,NA,NA,NA,NA,NA,0.019891,1.420106,"bdl",NA,NA,NA,NA,NA,NA,28.2839,0.8822,NA,0,0,NA,0,NA,NA,NA,NA,NA,NA,NA,NA,NA,NA
"COMPASS","CB","TMP_PW_SW_F6_15CM_20230608",2023,6,8,"TMP","Monitoring","S","F6",15,NA,"PW",20230607,20230608,1748,1,"EDT","bubbles in syringe",NA,NA,NA,NA,NA,NA,0.038066,2.717699,"Within_Range",NA,NA,NA,NA,NA,NA,322.4074,10.0564,NA,2978.7836,84.0277,NA,5.3827,NA,NA,NA,5.11,NA,NA,NA,21.8,NA,NA
"COMPASS","CB","TMP_PW_SW_I5_15CM_20230608",2023,6,8,"TMP","Monitoring","S","I5",15,NA,"PW",20230607,20230608,1645,1,"EDT","bubbles in syringe",NA,NA,NA,NA,NA,NA,0.026417,1.886026,"Within_Range",NA,NA,NA,NA,NA,NA,413.5339,12.8987,NA,3579.4092,100.9706,NA,6.468,NA,NA,NA,NA,NA,NA,NA,NA,NA,NA
"COMPASS","CB","TMP_PW_SW_I5_15CM_20230614",2023,6,14,"TMP","Monitoring","S","I5",15,NA,"PW",20230612,20230614,912,1,"EDT",NA,NA,NA,NA,NA,NA,NA,NA,NA,NA,NA,NA,NA,NA,NA,NA,348.872,10.8818,NA,3587.1498,101.189,NA,6.482,NA,NA,NA,NA,NA,NA,NA,NA,NA,NA
"COMPASS","CB","TMP_PW_C_H6_15CM_20230614",2023,6,14,"TMP","Monitoring","C","H6",15,NA,"PW",20230612,20230614,1022,1,"EDT",NA,NA,NA,NA,NA,NA,NA,NA,NA,NA,NA,NA,NA,NA,NA,NA,3.3829,0.1055,NA,34.2586,0.9664,NA,0.0619,NA,NA,NA,NA,NA,NA,NA,NA,NA,NA
"COMPASS","CB","TMP_PW_SW_F4_15CM_20230617",2023,6,17,"TMP","Monitoring","S","F4",15,NA,"PW",20230614,20230617,1252,1,"EDT",NA,NA,NA,NA,NA,NA,NA,NA,NA,NA,NA,NA,NA,NA,NA,NA,214.0984,6.6781,NA,1746.2675,49.26,NA,3.1555,NA,NA,NA,NA,NA,NA,NA,NA,NA,NA
"COMPASS","CB","TMP_PW_SW_D5_15CM_20230612",2023,6,12,"TMP","Monitoring","S","D5",15,NA,"PW",20230608,20230612,1435,1,"EDT",NA,NA,NA,NA,NA,NA,NA,NA,NA,NA,NA,NA,NA,NA,NA,NA,214.0229,6.6757,NA,2211.602,62.3865,NA,3.9964,NA,NA,NA,NA,NA,NA,NA,NA,NA,NA
"COMPASS","CB","TMP_PW_FW_F4_15CM_20230617",2023,6,17,"TMP","Monitoring","F","F4",15,NA,"PW",20230614,20230617,1526,1,"EDT",NA,NA,NA,NA,NA,NA,NA,NA,NA,NA,NA,NA,NA,NA,NA,NA,9.0194,0.2813,NA,2.2845,0.0644,NA,0.0042,NA,NA,NA,NA,NA,NA,NA,NA,NA,NA
"COMPASS","CB","TMP_PW_C_H3_15CM_20230617",2023,6,17,"TMP","Monitoring","C","H3",15,NA,"PW",20230614,20230617,1100,1,"EDT",NA,NA,NA,NA,NA,NA,NA,NA,NA,NA,NA,NA,NA,NA,NA,NA,7.0475,0.2198,NA,0.0381,0.0011,NA,1e-04,0.514,0.098,NA,NA,NA,NA,NA,NA,NA,NA
"COMPASS","CB","TMP_PW_FW_H6_15CM_20230627",2023,6,27,"TMP","Monitoring","F","H6",15,NA,"PW",20230623,20230627,1338,1,"EDT",NA,NA,NA,NA,NA,NA,NA,NA,NA,NA,NA,NA,NA,NA,NA,NA,8.9315,0.2786,NA,1.3663,0.0385,NA,0.0025,NA,NA,NA,6.9,NA,NA,NA,25,NA,NA
"COMPASS","CB","TMP_PW_C_F4_15CM_20230628",2023,6,28,"TMP","Monitoring","C","F4",15,NA,"PW",20230623,20230628,1404,1,"EDT",NA,NA,NA,NA,NA,NA,NA,NA,NA,NA,NA,NA,NA,NA,NA,NA,7.3978,0.2307,NA,0.2353,0.0066,NA,5e-04,NA,NA,NA,NA,NA,NA,NA,NA,NA,NA
"COMPASS","CB","TMP_PW_SW_D5_15CM_20230707",2023,7,7,"TMP","Monitoring","S","D5",15,NA,"PW",20230705,20230707,1426,1,"EDT",NA,NA,NA,NA,NA,NA,NA,NA,NA,NA,NA,NA,NA,NA,NA,NA,98.2683,3.0651,NA,798.9636,22.5378,NA,1.4438,0.492,0.037,NA,5.65,NA,NA,NA,27.1,NA,NA
"COMPASS","CB","TMP_PW_FW_D5_15CM_20230707",2023,7,7,"TMP","Monitoring","F","D5",15,NA,"PW",20230705,20230707,1444,1,"EDT",NA,NA,NA,NA,NA,NA,NA,NA,NA,NA,NA,NA,NA,NA,NA,NA,4.9076,0.1531,NA,0.6861,0.0194,NA,0.0013,NA,NA,NA,6.45,NA,NA,NA,27,NA,NA
"COMPASS","CB","TMP_PW_FW_H6_15CM_20230707",2023,7,7,"TMP","Monitoring","F","H6",15,NA,"PW",20230705,20230707,1427,1,"EDT",NA,NA,NA,NA,NA,NA,NA,NA,NA,NA,NA,NA,NA,NA,NA,NA,7.6144,0.2375,NA,0.7665,0.0216,NA,0.0014,NA,NA,NA,6.79,NA,NA,NA,26.7,NA,NA
"COMPASS","CB","TMP_PW_FW_F4_15CM_20230707",2023,7,7,"TMP","Monitoring","F","F4",15,NA,"PW",20230705,20230707,1435,1,"EDT",NA,NA,NA,NA,NA,NA,NA,NA,NA,NA,NA,NA,NA,NA,NA,NA,12.4375,0.3879,NA,0.4332,0.0122,NA,8e-04,NA,NA,NA,6.68,NA,NA,NA,26.8,NA,NA
"COMPASS","CB","TMP_PW_FW_C3_15CM_20230707",2023,7,7,"TMP","Monitoring","F","C3",15,NA,"PW",20230705,20230707,1453,1,"EDT",NA,NA,NA,NA,NA,NA,NA,NA,NA,NA,NA,NA,NA,NA,NA,NA,5.0982,0.159,NA,0.6024,0.017,NA,0.0011,NA,NA,NA,6.57,NA,NA,NA,26.6,NA,NA
"COMPASS","CB","TMP_PW_C_C6_15CM_20230710",2023,7,10,"TMP","Monitoring","C","C6",15,NA,"PW",20230707,20230710,1113,1,"EDT",NA,NA,NA,NA,NA,NA,NA,NA,NA,NA,NA,NA,NA,NA,NA,NA,4.8908,0.1526,NA,0.878,0.0248,NA,0.0016,NA,NA,NA,6.65,NA,NA,NA,25.3,NA,NA
"COMPASS","CB","TMP_PW_FW_C3_15CM_20230612",2023,6,12,"TMP","Monitoring","F","C3",15,NA,"PW",20230608,20230612,1613,1,"EDT",NA,NA,NA,NA,NA,NA,NA,NA,NA,NA,NA,NA,NA,NA,NA,NA,11.3645,0.3545,NA,2.6786,0.0756,NA,0.0049,NA,NA,NA,NA,NA,NA,NA,NA,NA,NA
"COMPASS","CB","TMP_PW_C_H3_15CM_20230515",2023,5,15,"TMP","Monitoring","C","H3",15,NA,"PW",20230512,20230515,1141,1,"EDT",NA,NA,NA,NA,NA,NA,NA,NA,NA,NA,NA,NA,NA,NA,NA,NA,0.5567,0.0174,NA,27.4189,0.7735,NA,0.0496,NA,NA,NA,NA,NA,NA,NA,NA,NA,NA
"COMPASS","CB","TMP_PW_C_H3_15CM_20230518",2023,5,18,"TMP","Monitoring","C","H3",15,NA,"PW",20230515,20230518,1215,1,"EDT","This may not exist?? I think I forgot we got it on 5/15 and hand wrote it on the data sheet for 5/18 making it look like we got a sample",NA,NA,NA,NA,NA,NA,NA,NA,NA,NA,NA,NA,NA,NA,NA,0.4633,0.0145,NA,30.2118,0.8522,NA,0.0546,NA,NA,NA,NA,NA,NA,NA,NA,NA,NA
"COMPASS","CB","TMP_PW_C_H6_15CM_20230605",2023,6,5,"TMP","Monitoring","C","H6",15,NA,"PW",20230603,20230605,1536,1,"EDT",NA,NA,NA,NA,NA,NA,NA,NA,NA,NA,NA,NA,NA,NA,NA,NA,2.3894,0.0745,NA,0,0,NA,0,NA,NA,NA,7.59,NA,NA,NA,22,NA,NA
"COMPASS","CB","TMP_PW_C_I5_15CM_20230518",2023,5,18,"TMP","Monitoring","C","I5",15,NA,"PW",20230515,20230518,1225,1,"EDT",NA,NA,NA,NA,NA,NA,NA,NA,NA,NA,NA,NA,NA,NA,NA,NA,4.4207,0.1379,NA,25.4606,0.7182,NA,0.046,NA,NA,NA,NA,NA,NA,NA,NA,NA,NA
"COMPASS","CB","TMP_PW_FW_F4_15CM_20230605",2023,6,5,"TMP","Monitoring","F","F4",15,NA,"PW",20230603,20230605,1524,1,"EDT",NA,NA,NA,NA,NA,NA,NA,NA,NA,NA,NA,NA,NA,NA,NA,NA,11.898,0.3711,NA,0,0,NA,0,NA,NA,NA,NA,NA,NA,NA,NA,NA,NA
"COMPASS","CB","TMP_PW_SW_C6_15CM_20230515",2023,5,15,"TMP","Monitoring","S","C6",15,NA,"PW",20230512,20230515,1055,1,"EDT",NA,NA,NA,NA,NA,NA,NA,NA,NA,NA,NA,NA,NA,NA,NA,NA,1.2634,0.0394,NA,30.8629,0.8706,NA,0.0558,NA,NA,NA,NA,NA,NA,NA,NA,NA,NA
"COMPASS","CB","TMP_PW_SW_D5_15CM_20230518",2023,5,18,"TMP","Monitoring","S","D5",15,NA,"PW",20230515,20230518,1533,1,"EDT",NA,NA,NA,NA,NA,NA,NA,NA,NA,NA,NA,NA,NA,NA,NA,NA,0.7589,0.0237,NA,28.6422,0.808,NA,0.0518,NA,NA,NA,NA,NA,NA,NA,NA,NA,NA
"COMPASS","CB","TMP_PW_SW_E3_15CM_20230515",2023,5,15,"TMP","Monitoring","S","E3",15,NA,"PW",20230512,20230515,1115,1,"EDT",NA,NA,NA,NA,NA,NA,NA,NA,NA,NA,NA,NA,NA,NA,NA,NA,1.325,0.0413,NA,30.4506,0.859,NA,0.0551,NA,NA,NA,NA,NA,NA,NA,NA,NA,NA
"COMPASS","CB","TMP_PW_FW_C6_15CM_20230606",2023,6,6,"TMP","TMP-II","F","C6",15,NA,"PW",20230605,20230606,NA,NA,"EDT","UNCLEAR IF THIS WAS A SAMPLE - IT COULD HAVE BEEN CROSSED OFF",NA,NA,NA,NA,NA,NA,NA,NA,NA,NA,NA,NA,NA,NA,NA,0.1956,0.0061,NA,98.7008,2.7842,NA,0.1784,NA,NA,NA,NA,NA,NA,NA,NA,NA,NA
"COMPASS","CB","TMP_PW_FW_H6_15CM_20230606",2023,6,6,"TMP","TMP-II","F","H6",15,NA,"PW",20230605,20230606,NA,1,"EDT",NA,NA,NA,NA,NA,NA,NA,NA,NA,NA,NA,NA,NA,NA,NA,NA,2.4067,0.0751,NA,197.417,5.5689,NA,0.3568,NA,NA,NA,NA,NA,NA,NA,NA,NA,NA
"COMPASS","CB","TMP_PW_SW_B4_15CM_20230606",2023,6,6,"TMP","TMP-II","S","B4",15,NA,"PW",20230605,20230606,NA,1,"EDT",NA,NA,NA,NA,NA,NA,NA,NA,NA,NA,NA,NA,NA,NA,NA,NA,391.7182,12.2183,NA,3115.1523,87.8745,NA,5.6291,NA,NA,NA,NA,NA,NA,NA,NA,NA,NA
"COMPASS","CB","TMP_PW_SW_C6_15CM_20230606",2023,6,6,"TMP","TMP-II","S","C6",15,NA,"PW",20230605,20230606,NA,1,"EDT",NA,NA,NA,NA,NA,NA,NA,NA,NA,NA,NA,NA,NA,NA,NA,NA,110.9942,3.4621,NA,1060.23,29.9078,NA,1.9159,NA,NA,NA,NA,NA,NA,NA,NA,NA,NA
"COMPASS","CB","TMP_PW_SW_F4_15CM_20230606",2023,6,6,"TMP","TMP-II","S","F4",15,NA,"PW",20230605,20230606,NA,1,"EDT",NA,NA,NA,NA,NA,NA,NA,NA,NA,NA,NA,NA,NA,NA,NA,NA,221.8389,6.9195,NA,1951.5172,55.0499,NA,3.5264,NA,NA,NA,NA,NA,NA,NA,NA,NA,NA
"COMPASS","CB","TMP_PW_SW_F6_15CM_20230606",2023,6,6,"TMP","TMP-II","S","F6",15,NA,"PW",20230605,20230606,NA,1,"EDT",NA,NA,NA,NA,NA,NA,NA,NA,NA,NA,NA,NA,NA,NA,NA,NA,98.5531,3.074,NA,986.1711,27.8186,NA,1.782,NA,NA,NA,NA,NA,NA,NA,NA,NA,NA
"COMPASS","CB","TMP_PW_SW_H3_15CM_20230606",2023,6,6,"TMP","TMP-II","S","H3",15,NA,"PW",20230605,20230606,NA,1,"EDT",NA,NA,NA,NA,NA,NA,NA,NA,NA,NA,NA,NA,NA,NA,NA,NA,253.6332,7.9112,NA,2040.63,57.5636,NA,3.6874,NA,NA,NA,NA,NA,NA,NA,NA,NA,NA
"COMPASS","CB","TMP_PW_FW_C6_15CM_20230607_PM",2023,6,7,"TMP","TMP-II","F","C6",15,"PM","PW",20230607,20230607,915,1,"EDT",NA,NA,NA,NA,NA,NA,NA,NA,NA,NA,NA,NA,NA,NA,NA,NA,1.247,0.0389,NA,110.0743,3.1051,NA,0.1989,NA,NA,NA,NA,NA,NA,NA,NA,NA,NA
"COMPASS","CB","TMP_PW_FW_F6_15CM_20230607_PM",2023,6,7,"TMP","TMP-II","F","F6",15,"PM","PW",20230607,20230607,811,1,"EDT",NA,NA,NA,NA,NA,NA,NA,NA,NA,NA,NA,NA,NA,NA,NA,NA,1.8635,0.0581,NA,211.2593,5.9594,NA,0.3818,NA,NA,NA,NA,NA,NA,NA,NA,NA,NA
"COMPASS","CB","TMP_PW_SW_C6_15CM_20230607_AM",2023,6,7,"TMP","TMP-II","S","C6",15,"AM","PW",20230606,20230607,1645,1,"EDT","small bubbles in syringe",NA,NA,NA,NA,NA,NA,NA,NA,NA,NA,NA,NA,NA,NA,NA,191.714,5.9799,NA,1712.0744,48.2955,NA,3.0937,NA,NA,NA,NA,NA,NA,NA,NA,NA,NA
"COMPASS","CB","TMP_PW_SW_C6_15CM_20230607_PM",2023,6,7,"TMP","TMP-II","S","C6",15,"PM","PW",20230607,20230607,914,1,"EDT","bubbles in syringe",NA,NA,NA,NA,NA,NA,NA,NA,NA,NA,NA,NA,NA,NA,NA,211.2396,6.5889,NA,1895.1985,53.4612,NA,3.4246,NA,NA,NA,NA,NA,NA,NA,NA,NA,NA
"COMPASS","CB","TMP_PW_SW_F4_15CM_20230607_AM",2023,6,7,"TMP","TMP-II","S","F4",15,"AM","PW",20230606,20230607,1709,1,"EDT","small bubbles in syringe",NA,NA,NA,NA,NA,NA,NA,NA,NA,NA,NA,NA,NA,NA,NA,302.8753,9.4471,NA,2552.3805,71.9994,NA,4.6122,NA,NA,NA,NA,NA,NA,NA,NA,NA,NA
"COMPASS","CB","TMP_PW_SW_F4_15CM_20230607_PM",2023,6,7,"TMP","TMP-II","S","F4",15,"PM","PW",20230607,20230607,824,1,"EDT","bubbles in syringe",NA,NA,NA,NA,NA,NA,NA,NA,NA,NA,NA,NA,NA,NA,NA,331.2376,10.3318,NA,2631.1215,74.2206,NA,4.7545,NA,NA,NA,NA,NA,NA,NA,NA,NA,NA
"COMPASS","CB","TMP_PW_SW_I5_15CM_20230607_AM",2023,6,7,"TMP","TMP-II","S","I5",15,"AM","PW",20230606,20230607,1722,1,"EDT",NA,NA,NA,NA,NA,NA,NA,NA,NA,NA,NA,NA,NA,NA,NA,NA,284.5868,8.8767,NA,2842.5038,80.1835,NA,5.1364,NA,NA,NA,3.94,NA,NA,NA,18.5,NA,NA
"COMPASS","CB","TMP_PW_FW_E3_15CM_20230608",2023,6,8,"TMP","Monitoring","F","E3",15,NA,"PW",20230607,20230608,1743,1,"EDT",NA,NA,NA,NA,NA,NA,NA,NA,NA,NA,NA,NA,NA,NA,NA,NA,23.9154,0.746,NA,0,0,NA,0,NA,NA,NA,5.82,NA,NA,NA,20.8,NA,NA
"COMPASS","CB","TMP_PW_SW_C6_15CM_20230608",2023,6,8,"TMP","Monitoring","S","C6",15,NA,"PW",20230607,20230608,1718,1,"EDT","bubbles in syringe",NA,NA,NA,NA,NA,NA,NA,NA,NA,NA,NA,NA,NA,NA,NA,230.3789,7.1859,NA,2189.405,61.7604,NA,3.9563,NA,NA,NA,NA,NA,NA,NA,NA,NA,NA
"COMPASS","CB","TMP_PW_SW_F4_15CM_20230608",2023,6,8,"TMP","Monitoring","S","F4",15,NA,"PW",20230607,20230608,1658,1,"EDT","bubbles in syringe",NA,NA,NA,NA,NA,NA,NA,NA,NA,NA,NA,NA,NA,NA,NA,331.4751,10.3392,NA,2680.0956,75.6021,NA,4.843,NA,NA,NA,NA,NA,NA,NA,NA,NA,NA
"COMPASS","CB","TMP_PW_SW_H3_15CM_20230608",2023,6,8,"TMP","Monitoring","S","H3",15,NA,"PW",20230607,20230608,1651,1,"EDT","bubbles in syringe",NA,NA,NA,NA,NA,NA,NA,NA,NA,NA,NA,NA,NA,NA,NA,449.9766,14.0355,NA,3516.9592,99.209,NA,6.3552,NA,NA,NA,NA,NA,NA,NA,NA,NA,NA
"COMPASS","CB","TMP_PW_C_C6_15CM_20230807",2023,8,7,"TMP","Monitoring","C","C6",15,NA,"PW",20230804,20230807,1423,1,"EDT",NA,NA,NA,NA,NA,NA,NA,NA,NA,NA,NA,NA,NA,NA,NA,NA,4.8123,0.1501,NA,3.7102,0.1047,NA,0.0067,NA,NA,NA,6.37,NA,NA,NA,26.1,NA,NA
"COMPASS","CB","TMP_PW_SW_I5_15CM_20231002",2023,10,2,"TMP","Monitoring","S","I5",15,NA,"PW",20230929,20231002,1522,1,"EDT",NA,NA,NA,NA,NA,NA,NA,NA,NA,NA,NA,NA,NA,NA,NA,NA,114.6553,3.5763,NA,281.4327,7.9389,NA,0.5086,NA,NA,NA,NA,NA,NA,NA,NA,NA,NA
"COMPASS","CB","TMP_PW_SW_F4_15CM_20231002",2023,10,2,"TMP","Monitoring","S","F4",15,NA,"PW",20230929,20231002,1125,1,"EDT",NA,NA,NA,NA,NA,NA,NA,NA,NA,NA,NA,NA,NA,NA,NA,NA,25.5296,0.7963,NA,123.0738,3.4718,NA,0.2224,NA,NA,NA,7.18,NA,NA,NA,21.2,NA,NA
"COMPASS","CB","TMP_PW_FW_F6_15CM_20231002",2023,10,2,"TMP","Monitoring","F","F6",15,NA,"PW",20230929,20231002,1141,1,"EDT",NA,NA,NA,NA,NA,NA,NA,NA,NA,NA,NA,NA,NA,NA,NA,NA,4.8182,0.1503,NA,0.4049,0.0114,NA,8e-04,NA,NA,NA,NA,NA,NA,NA,NA,NA,NA
"COMPASS","CB","TMP_PW_FW_E3_15CM_20231002",2023,10,2,"TMP","Monitoring","F","E3",15,NA,"PW",20230929,20231002,1543,1,"EDT",NA,NA,NA,NA,NA,NA,NA,NA,NA,NA,NA,NA,NA,NA,NA,NA,6.4537,0.2013,NA,0.2343,0.0066,NA,4e-04,NA,NA,NA,NA,NA,NA,NA,NA,NA,NA
"COMPASS","CB","TMP_PW_FW_C6_15CM_20231002",2023,10,2,"TMP","Monitoring","F","C6",15,NA,"PW",20230929,20231002,1540,1,"EDT",NA,NA,NA,NA,NA,NA,NA,NA,NA,NA,NA,NA,NA,NA,NA,NA,5.6241,0.1754,NA,0.8974,0.0253,NA,0.0016,NA,NA,NA,7.93,NA,NA,NA,20.7,NA,NA
"COMPASS","CB","TMP_PW_C_H3_15CM_20231002",2023,10,2,"TMP","Monitoring","C","H3",15,NA,"PW",20230929,20231002,1504,1,"EDT",NA,NA,NA,NA,NA,NA,NA,NA,NA,NA,NA,NA,NA,NA,NA,NA,5.4494,0.17,NA,0.259,0.0073,NA,5e-04,NA,NA,NA,6.89,NA,NA,NA,22.3,NA,NA
"COMPASS","CB","TMP_PW_SW_B4_15CM_20231116",2023,11,16,"TMP","Monitoring","S","B4",15,NA,"PW",20231113,20231116,1143,1,"EST","very light yellow",NA,NA,NA,NA,NA,NA,NA,NA,NA,NA,NA,NA,NA,NA,NA,57.4551,1.7921,NA,353.8215,9.9809,NA,0.6394,NA,NA,NA,7.11,NA,NA,NA,17.7,NA,NA
"COMPASS","CB","TMP_PW_SW_H6_15CM_20231116",2023,11,16,"TMP","Monitoring","S","H6",15,NA,"PW",20231113,20231116,1204,1,"EST",NA,NA,NA,NA,NA,NA,NA,NA,NA,NA,NA,NA,NA,NA,NA,NA,22.0449,0.6876,NA,142.0156,4.0061,NA,0.2566,NA,NA,NA,NA,NA,NA,NA,NA,NA,NA
"COMPASS","CB","TMP_PW_SW_H6_15CM_20231208",2023,12,8,"TMP","Monitoring","S","H6",15,NA,"PW",20231205,20231208,1101,1,"EST","yellow",NA,NA,NA,NA,NA,NA,NA,NA,NA,NA,NA,NA,NA,NA,NA,11.0075,0.3433,NA,62.5444,1.7643,NA,0.113,NA,NA,NA,NA,NA,NA,NA,NA,NA,NA
"COMPASS","CB","TMP_PW_SW_F4_15CM_20231208",2023,12,8,"TMP","Monitoring","S","F4",15,NA,"PW",20231205,20231208,1050,1,"EST","yellow",NA,NA,NA,NA,NA,NA,NA,NA,NA,NA,NA,NA,NA,NA,NA,15.6761,0.489,NA,76.2077,2.1497,NA,0.1377,NA,NA,NA,NA,NA,NA,NA,NA,NA,NA
"COMPASS","CB","TMP_PW_SW_C3_15CM_20231208",2023,12,8,"TMP","Monitoring","S","C3",15,NA,"PW",20231205,20231208,1034,1,"EST","yellow",NA,NA,NA,NA,NA,NA,NA,NA,NA,NA,NA,NA,NA,NA,NA,69.0359,2.1533,NA,183.5675,5.1782,NA,0.3317,NA,NA,NA,NA,NA,NA,NA,NA,NA,NA
"COMPASS","CB","TMP_PW_FW_E3_15CM_20231208",2023,12,8,"TMP","Monitoring","F","E3",15,NA,"PW",20231205,20231208,1113,1,"EST",NA,NA,NA,NA,NA,NA,NA,NA,NA,NA,NA,NA,NA,NA,NA,NA,7.6841,0.2397,NA,0.8009,0.0226,NA,0.0015,NA,NA,NA,6.81,NA,NA,NA,11.8,NA,NA
"COMPASS","CB","TMP_PW_FW_H6_15CM_20231208",2023,12,8,"TMP","Monitoring","F","H6",15,NA,"PW",20231205,20231208,1124,1,"EST",NA,NA,NA,NA,NA,NA,NA,NA,NA,NA,NA,NA,NA,NA,NA,NA,9.3451,0.2915,NA,0.5596,0.0158,NA,0.001,NA,NA,NA,6.95,NA,NA,NA,11.4,NA,NA
"COMPASS","CB","TMP_PW_FW_F4_15CM_20231208",2023,12,8,"TMP","Monitoring","F","F4",15,NA,"PW",20231205,20231208,1115,1,"EST",NA,NA,NA,NA,NA,NA,NA,NA,NA,NA,NA,NA,NA,NA,NA,NA,8.0342,0.2506,NA,0.5998,0.0169,NA,0.0011,NA,NA,NA,NA,NA,NA,NA,NA,NA,NA
"COMPASS","CB","TMP_PW_C_C6_15CM_20231208",2023,12,8,"TMP","Monitoring","C","C6",15,NA,"PW",20231205,20231208,1013,1,"EST",NA,NA,NA,NA,NA,NA,NA,NA,NA,NA,NA,NA,NA,NA,NA,NA,6.1506,0.1918,NA,0.8842,0.0249,NA,0.0016,NA,NA,NA,8.08,"pH value is outside the typical range",NA,NA,10.8,NA,NA
"COMPASS","CB","TMP_PW_SW_H6_15CM_20230807",2023,8,7,"TMP","Monitoring","S","H6",15,NA,"PW",20230804,20230807,1242,1,"EDT","yellow",NA,NA,NA,NA,NA,NA,NA,NA,NA,NA,NA,NA,NA,NA,NA,31.1078,0.9703,NA,115.1009,3.2469,NA,0.208,1.434,0.064,NA,NA,NA,NA,NA,NA,NA,NA
"COMPASS","CB","TMP_PW_SW_H3_15CM_20230807",2023,8,7,"TMP","Monitoring","S","H3",15,NA,"PW",20230804,20230807,1238,1,"EDT","yellow",NA,NA,NA,NA,NA,NA,NA,NA,NA,NA,NA,NA,NA,NA,NA,13.6023,0.4243,NA,7.9237,0.2235,NA,0.0143,1.926,0.134,NA,NA,NA,NA,NA,NA,NA,NA
"COMPASS","CB","TMP_PW_SW_F4_15CM_20230807",2023,8,7,"TMP","Monitoring","S","F4",15,NA,"PW",20230804,20230807,1232,1,"EDT","light yellow",NA,NA,NA,NA,NA,NA,NA,NA,NA,NA,NA,NA,NA,NA,NA,36.636,1.1427,NA,208.0046,5.8675,NA,0.3759,0.557,0.098,NA,6.28,NA,NA,NA,25.3,NA,NA
"COMPASS","CB","TMP_PW_FW_F6_15CM_20230807",2023,8,7,"TMP","Monitoring","F","F6",15,NA,"PW",20230804,20230807,1313,1,"EDT",NA,NA,NA,NA,NA,NA,NA,NA,NA,NA,NA,NA,NA,NA,NA,NA,4.1876,0.1306,NA,0.0145,4e-04,NA,1e-04,NA,NA,NA,NA,NA,NA,NA,NA,NA,NA
"COMPASS","CB","TMP_PW_C_I5_15CM_20230807",2023,8,7,"TMP","Monitoring","C","I5",15,NA,"PW",20230804,20230807,1201,1,"EDT",NA,NA,NA,NA,NA,NA,NA,NA,NA,NA,NA,NA,NA,NA,NA,NA,3.872,0.1208,NA,0.5934,0.0167,NA,0.0011,NA,NA,NA,NA,NA,NA,NA,NA,NA,NA
"COMPASS","CB","TMP_PW_C_D5_15CM_20230807",2023,8,7,"TMP","Monitoring","C","D5",15,NA,"PW",20230804,20230807,1210,1,"EDT",NA,NA,NA,NA,NA,NA,NA,NA,NA,NA,NA,NA,NA,NA,NA,NA,4.9382,0.154,NA,0,0,NA,0,NA,NA,NA,6.44,NA,NA,NA,26.5,NA,NA
