"","Project","Sample_ID","Number_on_vial","Volume_mL","Collection_Date_YYYYMMDD","Evacuation_date_YYYYMMDD","Collection_Start_Time_24hrs","Collection_End_Time_24hrs","EST_EDT","SO4_ppm","SO4_Conc_mM","SO4_Conc_flag","SO4_QAQC_flag","Cl_ppm","Cl_Conc_mM","Cl_Conc_flag","Cl_QAQC_flag","salinity","Analysis_rundate","Run_notes","Field_notes"
"1","TEMPEST","TMP_C_PW_C6_50cm_SO4_20260604_Pre","1",6,20260604,20260604,1227,NA,"EDT",3.3537,0.104606986899563,"Within_Range","",1.3603,0.0383723554301834,"Within_Range","",0.0024840621,"2026-08-26"," 
  ",NA
"2","TEMPEST","TMP_C_PW_F4_30cm_SO4_20260604_Pre","2",5,20260604,20260604,1256,NA,"EDT",2.141,0.0667810355583281,"Within_Range","",3.6372,0.102600846262341,"Within_Range","",0.0065984204,"2026-08-26"," 
  ",NA
"3","TEMPEST","TMP_C_PW_F4_50cm_SO4_20260604_Pre","3",5,20260604,20260604,1303,NA,"EDT",4.39,0.136930754834685,"Within_Range","",2.8974,0.0817320169252468,"Within_Range","",0.0052616018,"2026-08-26"," 
  ",NA
"4","TEMPEST","TMP_C_PW_H3_30cm_SO4_20260604_Pre","4",5,20260604,20260604,1306,NA,"EDT",0.1248,0.0038927011852776,"Within_Range","",2.5507,0.0719520451339915,"Within_Range","",0.0046351149,"2026-08-26"," 
  ",NA
"5","TEMPEST","TMP_C_PW_H6_30cm_SO4_20260604_Pre","5",5,20260604,20260604,1324,NA,"EDT",0.8389,0.026166562694947,"Within_Range","",2.0443,0.0576671368124118,"Within_Range","",0.0037200501,"2026-08-26"," 
  ",NA
"6","TEMPEST","TMP_C_PW_H6_50cm_SO4_20260604_Pre","6",5,20260604,20260604,1328,NA,"EDT",1.3337,0.0416001247660636,"Within_Range","",1.4977,0.0422482369534556,"Within_Range","",0.0027323439,"2026-08-26"," 
  ",NA
"7","TEMPEST","TMP_SW_PW_C3_30cm_SO4_20260604_Pre","7",5,20260604,20260604,1056,NA,"EDT",19.4311,0.606085464753587,"Within_Range","",20.5422,0.579469675599436,"Within_Range","",0.0371457554,"2026-08-26"," 
  ",NA
"8","TEMPEST","TMP_SW_PW_C6_30cm_SO4_20260604_Pre","8",5,20260604,20260604,1028,NA,"EDT",9.8487,0.3071958827199,"Within_Range","",36.0216,1.01612411847673,"Within_Range","",0.0651170312,"2026-08-26"," 
  ",NA
"9","TEMPEST","TMP_SW_PW_F4_30cm_SO4_20260604_Pre","9",5,20260604,20260604,1124,NA,"EDT",33.5136,1.04533998752339,"Within_Range","",15.7766,0.44503808180536,"Within_Range","",0.0285343162,"2026-08-26"," 
  ",NA
"10","TEMPEST","TMP_SW_PW_F4_50cm_SO4_20260604_Pre","10",5,20260604,20260604,1128,NA,"EDT",87.2738,2.72220212102308,"Within_Range","",107.7621,3.03983356840621,"Within_Range","",0.1947521147,"2026-08-26"," 
  ",NA
"11","TEMPEST","TMP_SW_PW_H3_30cm_SO4_20260604_Pre","11",5,20260604,20260604,1207,NA,"EDT",2.0675,0.0644884591391141,"Within_Range","",12.2731,0.34620874471086,"Within_Range","",0.0222034917,"2026-08-26"," 
  ",NA
"12","TEMPEST","TMP_SW_PW_H6_30cm_SO4_20260604_Pre","12",5,20260604,20260604,1144,NA,"EDT",12.3965,0.38666562694947,"Within_Range","",5.5474,0.156485190409027,"Within_Range","",0.0100501518,"2026-08-26"," 
  ",NA
"13","TEMPEST","TMP_SW_PW_H6_50cm_SO4_20260604_Pre","13",5,20260604,20260604,1151,NA,"EDT",87.9251,2.74251715533375,"Within_Range","",15.4339,0.435370944992948,"Within_Range","",0.0279150573,"2026-08-26"," 
  ",NA
"14","TEMPEST","TMP_FW_PW_C3_30cm_SO4_20260604_Pre","14",5,20260604,20260604,948,NA,"EDT",1.4616,0.045589519650655,"Within_Range","",2.6872,0.075802538787024,"Within_Range","",0.0048817704,"2026-08-26"," 
  ",NA
"15","TEMPEST","TMP_FW_PW_C6_15cm_SO4_20260604_Pre","15",5,20260604,20260604,1003,NA,"EDT",1.5775,0.0492046163443543,"Within_Range","",1.2468,0.0351706629055007,"Within_Range","",0.0022789676,"2026-08-26"," 
  ",NA
"16","TEMPEST","TMP_FW_PW_C6_30cm_SO4_20260604_Pre","16",5,20260604,20260604,1007,NA,"EDT",2.3943,0.0746818465377417,"Within_Range","",2.819,0.0795204513399154,"Within_Range","",0.005119933,"2026-08-26"," 
  ",NA
"17","TEMPEST","TMP_FW_PW_C6_50cm_SO4_20260604_Pre","17",5,20260604,20260604,1014,NA,"EDT",3.3161,0.103434185901435,"Within_Range","",1.2024,0.0339181946403385,"Within_Range","",0.0021987368,"2026-08-26"," 
  ",NA
"18","TEMPEST","TMP_FW_PW_D5_15cm_SO4_20260604_Pre","18",5,20260604,20260604,1018,NA,"EDT",0.4612,0.0143855271366188,"Within_Range","",0.0291,0.000820874471086037,"Within_Range","",7.85837e-05,"2026-08-26"," 
  ",NA
"19","TEMPEST","TMP_FW_PW_F4_30cm_SO4_20260604_Pre","19",5,20260604,20260604,933,NA,"EDT",1.0315,0.0321740486587648,"Within_Range","",1.6743,0.0472299012693935,"Within_Range","",0.0030514601,"2026-08-26"," 
  ",NA
"20","TEMPEST","TMP_FW_PW_F4_50cm_SO4_20260604_Pre","20",5,20260604,20260604,940,NA,"EDT",3.6478,0.11378041172801,"Within_Range","",1.5316,0.0432045133991537,"Within_Range","",0.0027936012,"2026-08-26"," 
  ",NA
"21","TEMPEST","TMP_FW_PW_H6_30cm_SO4_20260604_Pre","21",5,20260604,20260604,914,NA,"EDT",1.6533,0.051568933250156,"Within_Range","",5.3657,0.151359661495063,"Within_Range","",0.0097218199,"2026-08-26"," 
  ",NA
"22","TEMPEST","TMP_FW_PW_H6_50cm_SO4_20260604_Pre","22",5,20260604,20260604,918,NA,"EDT",2.1263,0.0663225202744853,"Within_Range","",2.6294,0.0741720733427362,"Within_Range","",0.0047773258,"2026-08-26"," 
  ",NA
"23","TEMPEST","TMP_SW_PW_C6_30cm_SO4_20260607_D1_PM","23",5,20260607,20260607,1534,NA,"EDT",10.7839,0.336366188396756,"Within_Range","",28.5691,0.805898448519041,"Within_Range","",0.0516503637,"2026-08-26"," 
  ",NA
