"Sample_ID","integration_time_s","dilution_factor","RSU_area_1s","abs_file_id","eem_file_id","Evacuation_date_YYYYMMDD","Collection_Date_YYYYMMDD","Collection_Start_Time_24hrs","Collection_End_Time_24hrs","Notes","Deployment_Date_YYYYMMDD","Deployment_Time_24hrs","EST_EDT"
"TMP_SOURCE_ESTUARY_20240611_PM",2,1,3051,"TMP_SOURCE_ESTUARY_20240611_PM_ABS_DilCorr.csv","TMP_SOURCE_ESTUARY_20240611_PM_EEM_DilCorr_IFE_RamNorm.csv",NA,20240611,NA,1630,"low tide","NA","NA","EDT"
"TMP_SOURCE_ESTUARY_20240611_AM",2,1,3051,"TMP_SOURCE_ESTUARY_20240611_AM_ABS_DilCorr.csv","TMP_SOURCE_ESTUARY_20240611_AM_EEM_DilCorr_IFE_RamNorm.csv",NA,20240611,NA,940,"high tide","NA","NA","EDT"
"TMP_SOURCE_SW_20240611_AM",2,1,3051,"TMP_SOURCE_SW_20240611_AM_ABS_DilCorr.csv","TMP_SOURCE_SW_20240611_AM_EEM_DilCorr_IFE_RamNorm.csv",NA,20240611,NA,847,NA,"NA","NA","EDT"
"TMP_SOURCE_SW_20240611_MID",2,1,3051,"TMP_SOURCE_SW_20240611_MID_ABS_DilCorr.csv","TMP_SOURCE_SW_20240611_MID_EEM_DilCorr_IFE_RamNorm.csv",NA,20240611,NA,1247,NA,"NA","NA","EDT"
"TMP_SOURCE_SW_20240611_PM",2,1,3051,"TMP_SOURCE_SW_20240611_PM_ABS_DilCorr.csv","TMP_SOURCE_SW_20240611_PM_EEM_DilCorr_IFE_RamNorm.csv",NA,20240611,NA,1550,NA,"NA","NA","EDT"
"TMP_PW_SW_B4_15CM_20240611_T1",4,0.266666666666667,3051,"TMP_PW_SW_B4_15CM_20240611_T1_ABS_DilCorr.csv","TMP_PW_SW_B4_15CM_20240611_T1_EEM_DilCorr_IFE_RamNorm.csv",20240610,20240611,1305,1400,NA,NA,NA,"EDT"
"TMP_SOURCE_FW_20240611_AM",4,1,3051,"TMP_SOURCE_FW_20240611_AM_ABS_DilCorr.csv","TMP_SOURCE_FW_20240611_AM_EEM_DilCorr_IFE_RamNorm.csv",NA,20240611,NA,834,NA,"NA","NA","EDT"
"TMP_SOURCE_FW_20240611_MID",4,1,3051,"TMP_SOURCE_FW_20240611_MID_ABS_DilCorr.csv","TMP_SOURCE_FW_20240611_MID_EEM_DilCorr_IFE_RamNorm.csv",NA,20240611,NA,1232,NA,"NA","NA","EDT"
"TMP_SOURCE_FW_20240611_PM",4,1,3051,"TMP_SOURCE_FW_20240611_PM_ABS_DilCorr.csv","TMP_SOURCE_FW_20240611_PM_EEM_DilCorr_IFE_RamNorm.csv",NA,20240611,NA,1550,NA,"NA","NA","EDT"
"TMP_PW_FW_C3_15CM_20240611_T1",2,1,3051,"TMP_PW_FW_C3_15CM_20240611_T1_ABS_DilCorr.csv","TMP_PW_FW_C3_15CM_20240611_T1_EEM_DilCorr_IFE_RamNorm.csv",20240610,20240611,1409,1417,NA,NA,NA,"EDT"
"TMP_PW_FW_C6_15CM_20240611_T1",2,1,3051,"TMP_PW_FW_C6_15CM_20240611_T1_ABS_DilCorr.csv","TMP_PW_FW_C6_15CM_20240611_T1_EEM_DilCorr_IFE_RamNorm.csv",20240610,20240611,1349,1400,NA,NA,NA,"EDT"
"TMP_PW_FW_D5_15CM_20240611_T1",2,1,3051,"TMP_PW_FW_D5_15CM_20240611_T1_ABS_DilCorr.csv","TMP_PW_FW_D5_15CM_20240611_T1_EEM_DilCorr_IFE_RamNorm.csv",20240610,20240611,1403,1330,NA,NA,NA,"EDT"
"TMP_PW_FW_F4_15CM_20240611_T1",1,1,3051,"TMP_PW_FW_F4_15CM_20240611_T1_ABS_DilCorr.csv","TMP_PW_FW_F4_15CM_20240611_T1_EEM_DilCorr_IFE_RamNorm.csv",20240610,20240611,1419,1343,NA,NA,NA,"EDT"
"TMP_PW_FW_I5_15CM_20240611_T1",1,1,3051,"TMP_PW_FW_I5_15CM_20240611_T1_ABS_DilCorr.csv","TMP_PW_FW_I5_15CM_20240611_T1_EEM_DilCorr_IFE_RamNorm.csv",20240610,20240611,1445,1307,NA,NA,NA,"EDT"
"TMP_SOURCE_ESTUARY_20240612_PM",2,1,3051,"TMP_SOURCE_ESTUARY_20240612_PM_ABS_DilCorr.csv","TMP_SOURCE_ESTUARY_20240612_PM_EEM_DilCorr_IFE_RamNorm.csv",NA,20240612,NA,1704,"low tide","NA","NA","EDT"
"TMP_SOURCE_ESTUARY_20240612_AM",2,1,3051,"TMP_SOURCE_ESTUARY_20240612_AM_ABS_DilCorr.csv","TMP_SOURCE_ESTUARY_20240612_AM_EEM_DilCorr_IFE_RamNorm.csv",NA,20240612,NA,1008,"high tide","NA","NA","EDT"
"TMP_SOURCE_SW_20240612_AM",2,1,3051,"TMP_SOURCE_SW_20240612_AM_ABS_DilCorr.csv","TMP_SOURCE_SW_20240612_AM_EEM_DilCorr_IFE_RamNorm.csv",NA,20240612,NA,845,NA,"NA","NA","EDT"
"TMP_SOURCE_SW_20240612_MID",2,1,3051,"TMP_SOURCE_SW_20240612_MID_ABS_DilCorr.csv","TMP_SOURCE_SW_20240612_MID_EEM_DilCorr_IFE_RamNorm.csv",NA,20240612,NA,1230,NA,"NA","NA","EDT"
"TMP_SOURCE_SW_20240612_PM",2,1,3051,"TMP_SOURCE_SW_20240612_PM_ABS_DilCorr.csv","TMP_SOURCE_SW_20240612_PM_EEM_DilCorr_IFE_RamNorm.csv",NA,20240612,NA,1535,NA,"NA","NA","EDT"
"TMP_PW_SW_B4_15CM_20240612_T3_PM",2,1,3069,"TMP_PW_SW_B4_15CM_20240612_T3_PM_ABS_DilCorr.csv","TMP_PW_SW_B4_15CM_20240612_T3_PM_EEM_DilCorr_IFE_RamNorm.csv",20240612,20240612,920,1622,"clear",NA,NA,"EDT"
"TMP_PW_SW_C3_15CM_20240612_T2_AM",1,0.666666666666667,3069,"TMP_PW_SW_C3_15CM_20240612_T2_AM_ABS_DilCorr.csv","TMP_PW_SW_C3_15CM_20240612_T2_AM_EEM_DilCorr_IFE_RamNorm.csv",20240611,20240612,1427,931,NA,NA,NA,"EDT"
"TMP_PW_SW_C3_15CM_20240612_T3_PM",2,1,3069,"TMP_PW_SW_C3_15CM_20240612_T3_PM_ABS_DilCorr.csv","TMP_PW_SW_C3_15CM_20240612_T3_PM_EEM_DilCorr_IFE_RamNorm.csv",20240612,20240612,931,1540,"clear",NA,NA,"EDT"
"TMP_SOURCE_FW_20240612_AM",4,1,3051,"TMP_SOURCE_FW_20240612_AM_ABS_DilCorr.csv","TMP_SOURCE_FW_20240612_AM_EEM_DilCorr_IFE_RamNorm.csv",NA,20240612,NA,900,NA,"NA","NA","EDT"
"TMP_SOURCE_FW_20240612_MID",4,1,3051,"TMP_SOURCE_FW_20240612_MID_ABS_DilCorr.csv","TMP_SOURCE_FW_20240612_MID_EEM_DilCorr_IFE_RamNorm.csv",NA,20240612,NA,1255,NA,"NA","NA","EDT"
"TMP_SOURCE_FW_20240612_PM",4,1,3051,"TMP_SOURCE_FW_20240612_PM_ABS_DilCorr.csv","TMP_SOURCE_FW_20240612_PM_EEM_DilCorr_IFE_RamNorm.csv",NA,20240612,NA,1554,NA,"NA","NA","EDT"
"TMP_PW_FW_C3_15CM_20240612_T2_AM",2,1,3069,"TMP_PW_FW_C3_15CM_20240612_T2_AM_ABS_DilCorr.csv","TMP_PW_FW_C3_15CM_20240612_T2_AM_EEM_DilCorr_IFE_RamNorm.csv",20240611,20240612,1417,802,NA,NA,NA,"EDT"
"TMP_PW_FW_C3_15CM_20240612_T3_PM",2,1,3069,"TMP_PW_FW_C3_15CM_20240612_T3_PM_ABS_DilCorr.csv","TMP_PW_FW_C3_15CM_20240612_T3_PM_EEM_DilCorr_IFE_RamNorm.csv",20240612,20240612,802,1618,NA,NA,NA,"EDT"
"TMP_PW_FW_C6_15CM_20240612_T3_PM",2,1,3069,"TMP_PW_FW_C6_15CM_20240612_T3_PM_ABS_DilCorr.csv","TMP_PW_FW_C6_15CM_20240612_T3_PM_EEM_DilCorr_IFE_RamNorm.csv",20240612,20240612,901,1603,NA,NA,NA,"EDT"
"TMP_PW_FW_D5_15CM_20240612_T2_AM",2,1,3069,"TMP_PW_FW_D5_15CM_20240612_T2_AM_ABS_DilCorr.csv","TMP_PW_FW_D5_15CM_20240612_T2_AM_EEM_DilCorr_IFE_RamNorm.csv",20240611,20240612,1330,843,NA,NA,NA,"EDT"
"TMP_PW_FW_D5_15CM_20240612_T3_PM",2,1,3069,"TMP_PW_FW_D5_15CM_20240612_T3_PM_ABS_DilCorr.csv","TMP_PW_FW_D5_15CM_20240612_T3_PM_EEM_DilCorr_IFE_RamNorm.csv",20240612,20240612,843,1548,NA,NA,NA,"EDT"
"TMP_PW_FW_F4_15CM_20240612_T2_AM",1,1,3069,"TMP_PW_FW_F4_15CM_20240612_T2_AM_ABS_DilCorr.csv","TMP_PW_FW_F4_15CM_20240612_T2_AM_EEM_DilCorr_IFE_RamNorm.csv",20240611,20240612,1343,947,NA,NA,NA,"EDT"
"TMP_PW_FW_F4_15CM_20240612_T3_PM",1,1,3069,"TMP_PW_FW_F4_15CM_20240612_T3_PM_ABS_DilCorr.csv","TMP_PW_FW_F4_15CM_20240612_T3_PM_EEM_DilCorr_IFE_RamNorm.csv",20240612,20240612,947,1531,NA,NA,NA,"EDT"
"TMP_PW_FW_I5_15CM_20240612_T2_AM",2,1,3069,"TMP_PW_FW_I5_15CM_20240612_T2_AM_ABS_DilCorr.csv","TMP_PW_FW_I5_15CM_20240612_T2_AM_EEM_DilCorr_IFE_RamNorm.csv",20240611,20240612,1307,931,NA,NA,NA,"EDT"
"TMP_PW_FW_I5_15CM_20240612_T3_PM",2,1,3069,"TMP_PW_FW_I5_15CM_20240612_T3_PM_ABS_DilCorr.csv","TMP_PW_FW_I5_15CM_20240612_T3_PM_EEM_DilCorr_IFE_RamNorm.csv",20240612,20240612,931,1500,NA,NA,NA,"EDT"
"TMP_SOURCE_ESTUARY_20240613_PM",2,1,3024.44974,"TMP_SOURCE_ESTUARY_20240613_PM_ABS_DilCorr.csv","TMP_SOURCE_ESTUARY_20240613_PM_EEM_DilCorr_IFE_RamNorm.csv",NA,20240613,NA,1657,"low tide","NA","NA","EDT"
"TMP_SOURCE_ESTUARY_20240613_AM",2,1,3024.44974,"TMP_SOURCE_ESTUARY_20240613_AM_ABS_DilCorr.csv","TMP_SOURCE_ESTUARY_20240613_AM_EEM_DilCorr_IFE_RamNorm.csv",NA,20240613,NA,1033,"high tide","NA","NA","EDT"
"TMP_SOURCE_SW_20240613_AM",2,1,3024.44974,"TMP_SOURCE_SW_20240613_AM_ABS_DilCorr.csv","TMP_SOURCE_SW_20240613_AM_EEM_DilCorr_IFE_RamNorm.csv",NA,20240613,NA,838,NA,"NA","NA","EDT"
"TMP_SOURCE_SW_20240613_MID",2,1,3024.44974,"TMP_SOURCE_SW_20240613_MID_ABS_DilCorr.csv","TMP_SOURCE_SW_20240613_MID_EEM_DilCorr_IFE_RamNorm.csv",NA,20240613,NA,1228,NA,"NA","NA","EDT"
"TMP_SOURCE_SW_20240613_PM",2,1,3024.44974,"TMP_SOURCE_SW_20240613_PM_ABS_DilCorr.csv","TMP_SOURCE_SW_20240613_PM_EEM_DilCorr_IFE_RamNorm.csv",NA,20240613,NA,1548,NA,"NA","NA","EDT"
"TMP_SOURCE_FW_20240613_AM",4,1,3024.44974,"TMP_SOURCE_FW_20240613_AM_ABS_DilCorr.csv","TMP_SOURCE_FW_20240613_AM_EEM_DilCorr_IFE_RamNorm.csv",NA,20240613,NA,853,NA,"NA","NA","EDT"
"TMP_SOURCE_FW_20240613_MID",4,1,3024.44974,"TMP_SOURCE_FW_20240613_MID_ABS_DilCorr.csv","TMP_SOURCE_FW_20240613_MID_EEM_DilCorr_IFE_RamNorm.csv",NA,20240613,NA,1257,NA,"NA","NA","EDT"
"TMP_SOURCE_FW_20240613_PM",4,1,3024.44974,"TMP_SOURCE_FW_20240613_PM_ABS_DilCorr.csv","TMP_SOURCE_FW_20240613_PM_EEM_DilCorr_IFE_RamNorm.csv",NA,20240613,NA,1615,NA,"NA","NA","EDT"
"TMP_PW_SW_B4_15CM_20240613_T4_AM",2,1,3024.44974,"TMP_PW_SW_B4_15CM_20240613_T4_AM_ABS_DilCorr.csv","TMP_PW_SW_B4_15CM_20240613_T4_AM_EEM_DilCorr_IFE_RamNorm.csv",20240612,20240613,1622,937,"clear",NA,NA,"EDT"
"TMP_PW_SW_B4_15CM_20240613_T5_PM",2,1,3024.44974,"TMP_PW_SW_B4_15CM_20240613_T5_PM_ABS_DilCorr.csv","TMP_PW_SW_B4_15CM_20240613_T5_PM_EEM_DilCorr_IFE_RamNorm.csv",20240613,20240613,937,1544,NA,NA,NA,"EDT"
"TMP_PW_SW_C3_15CM_20240613_T4_AM",2,1,3024.44974,"TMP_PW_SW_C3_15CM_20240613_T4_AM_ABS_DilCorr.csv","TMP_PW_SW_C3_15CM_20240613_T4_AM_EEM_DilCorr_IFE_RamNorm.csv",20240612,20240613,1540,916,"clear",NA,NA,"EDT"
"TMP_PW_SW_C3_15CM_20240613_T5_PM",2,1,3024.44974,"TMP_PW_SW_C3_15CM_20240613_T5_PM_ABS_DilCorr.csv","TMP_PW_SW_C3_15CM_20240613_T5_PM_EEM_DilCorr_IFE_RamNorm.csv",20240613,20240613,916,1557,NA,NA,NA,"EDT"
"TMP_PW_SW_F6_15CM_20240613_T4_AM",4,1,3024.44974,"TMP_PW_SW_F6_15CM_20240613_T4_AM_ABS_DilCorr.csv","TMP_PW_SW_F6_15CM_20240613_T4_AM_EEM_DilCorr_IFE_RamNorm.csv",20240612,20240613,1607,848,"clear",NA,NA,"EDT"
"TMP_PW_SW_F6_15CM_20240613_T5_PM",4,1,3024.44974,"TMP_PW_SW_F6_15CM_20240613_T5_PM_ABS_DilCorr.csv","TMP_PW_SW_F6_15CM_20240613_T5_PM_EEM_DilCorr_IFE_RamNorm.csv",20240613,20240613,848,1519,NA,NA,NA,"EDT"
"TMP_PW_FW_C3_15CM_20240613_T4_AM",2,1,3024.44974,"TMP_PW_FW_C3_15CM_20240613_T4_AM_ABS_DilCorr.csv","TMP_PW_FW_C3_15CM_20240613_T4_AM_EEM_DilCorr_IFE_RamNorm.csv",20240612,20240613,1618,917,NA,NA,NA,"EDT"
"TMP_PW_FW_C3_15CM_20240613_T5_PM",2,1,3024.44974,"TMP_PW_FW_C3_15CM_20240613_T5_PM_ABS_DilCorr.csv","TMP_PW_FW_C3_15CM_20240613_T5_PM_EEM_DilCorr_IFE_RamNorm.csv",20240613,20240613,917,1624,NA,NA,NA,"EDT"
"TMP_PW_FW_C6_15CM_20240613_T4_AM",2,1,3024.44974,"TMP_PW_FW_C6_15CM_20240613_T4_AM_ABS_DilCorr.csv","TMP_PW_FW_C6_15CM_20240613_T4_AM_EEM_DilCorr_IFE_RamNorm.csv",20240612,20240613,1603,943,NA,NA,NA,"EDT"
"TMP_PW_FW_C6_15CM_20240613_T5_PM",2,1,3024.44974,"TMP_PW_FW_C6_15CM_20240613_T5_PM_ABS_DilCorr.csv","TMP_PW_FW_C6_15CM_20240613_T5_PM_EEM_DilCorr_IFE_RamNorm.csv",20240613,20240613,943,1537,NA,NA,NA,"EDT"
"TMP_PW_FW_D5_15CM_20240613_T4_AM",2,1,3024.44974,"TMP_PW_FW_D5_15CM_20240613_T4_AM_ABS_DilCorr.csv","TMP_PW_FW_D5_15CM_20240613_T4_AM_EEM_DilCorr_IFE_RamNorm.csv",20240612,20240613,1548,957,NA,NA,NA,"EDT"
"TMP_PW_FW_D5_15CM_20240613_T5_PM",2,1,3007.3128,"TMP_PW_FW_D5_15CM_20240613_T5_PM_ABS_DilCorr.csv","TMP_PW_FW_D5_15CM_20240613_T5_PM_EEM_DilCorr_IFE_RamNorm.csv",20240613,20240613,957,1612,"sample lost",NA,NA,"EDT"
"TMP_PW_FW_E3_15CM_20240613_T4_AM",1,1,3007.3128,"TMP_PW_FW_E3_15CM_20240613_T4_AM_ABS_DilCorr.csv","TMP_PW_FW_E3_15CM_20240613_T4_AM_EEM_DilCorr_IFE_RamNorm.csv",20240612,20240613,1542,902,NA,NA,NA,"EDT"
"TMP_PW_FW_F4_15CM_20240613_T4_AM",2,1,3007.3128,"TMP_PW_FW_F4_15CM_20240613_T4_AM_ABS_DilCorr.csv","TMP_PW_FW_F4_15CM_20240613_T4_AM_EEM_DilCorr_IFE_RamNorm.csv",20240612,20240613,1531,846,NA,NA,NA,"EDT"
"TMP_PW_FW_F4_15CM_20240613_T5_PM",2,1,3007.3128,"TMP_PW_FW_F4_15CM_20240613_T5_PM_ABS_DilCorr.csv","TMP_PW_FW_F4_15CM_20240613_T5_PM_EEM_DilCorr_IFE_RamNorm.csv",20240613,20240613,846,1506,NA,NA,NA,"EDT"
"TMP_PW_FW_H3_15CM_20240613_T5_PM",2,1,3007.3128,"TMP_PW_FW_H3_15CM_20240613_T5_PM_ABS_DilCorr.csv","TMP_PW_FW_H3_15CM_20240613_T5_PM_EEM_DilCorr_IFE_RamNorm.csv",20240613,20240613,834,1456,NA,NA,NA,"EDT"
"TMP_PW_FW_I5_15CM_20240613_T4_AM",2,1,3007.3128,"TMP_PW_FW_I5_15CM_20240613_T4_AM_ABS_DilCorr.csv","TMP_PW_FW_I5_15CM_20240613_T4_AM_EEM_DilCorr_IFE_RamNorm.csv",20240612,20240613,1500,822,NA,NA,NA,"EDT"
"TMP_PW_FW_I5_15CM_20240613_T5_PM",2,1,3007.3128,"TMP_PW_FW_I5_15CM_20240613_T5_PM_ABS_DilCorr.csv","TMP_PW_FW_I5_15CM_20240613_T5_PM_EEM_DilCorr_IFE_RamNorm.csv",20240613,20240613,822,1442,NA,NA,NA,"EDT"
"TMP_PW_SW_B4_15CM_20240614_T6",2,1,3007.3128,"TMP_PW_SW_B4_15CM_20240614_T6_ABS_DilCorr.csv","TMP_PW_SW_B4_15CM_20240614_T6_EEM_DilCorr_IFE_RamNorm.csv",20240613,20240614,1544,1506,NA,NA,NA,"EDT"
"TMP_PW_SW_C3_15CM_20240614_T6",2,1,3007.3128,"TMP_PW_SW_C3_15CM_20240614_T6_ABS_DilCorr.csv","TMP_PW_SW_C3_15CM_20240614_T6_EEM_DilCorr_IFE_RamNorm.csv",20240613,20240614,1557,1443,NA,NA,NA,"EDT"
"TMP_PW_SW_F6_15CM_20240614_T6",4,1,3007.3128,"TMP_PW_SW_F6_15CM_20240614_T6_ABS_DilCorr.csv","TMP_PW_SW_F6_15CM_20240614_T6_EEM_DilCorr_IFE_RamNorm.csv",20240613,20240614,1519,1420,NA,NA,NA,"EDT"
"TMP_PW_FW_C3_15CM_20240614_T6",2,1,3007.3128,"TMP_PW_FW_C3_15CM_20240614_T6_ABS_DilCorr.csv","TMP_PW_FW_C3_15CM_20240614_T6_EEM_DilCorr_IFE_RamNorm.csv",20240613,20240614,1624,1518,NA,NA,NA,"EDT"
"TMP_PW_FW_C6_15CM_20240614_T6",2,1,3007.3128,"TMP_PW_FW_C6_15CM_20240614_T6_ABS_DilCorr.csv","TMP_PW_FW_C6_15CM_20240614_T6_EEM_DilCorr_IFE_RamNorm.csv",20240613,20240614,1537,1455,NA,NA,NA,"EDT"
"TMP_PW_FW_D5_15CM_20240614_T6",2,1,3007.3128,"TMP_PW_FW_D5_15CM_20240614_T6_ABS_DilCorr.csv","TMP_PW_FW_D5_15CM_20240614_T6_EEM_DilCorr_IFE_RamNorm.csv",20240613,20240614,1612,1424,NA,NA,NA,"EDT"
"TMP_PW_FW_F4_15CM_20240614_T6",2,1,3007.3128,"TMP_PW_FW_F4_15CM_20240614_T6_ABS_DilCorr.csv","TMP_PW_FW_F4_15CM_20240614_T6_EEM_DilCorr_IFE_RamNorm.csv",20240613,20240614,1506,1535,NA,NA,NA,"EDT"
"TMP_PW_FW_H3_15CM_20240614_T6",2,1,3007.3128,"TMP_PW_FW_H3_15CM_20240614_T6_ABS_DilCorr.csv","TMP_PW_FW_H3_15CM_20240614_T6_EEM_DilCorr_IFE_RamNorm.csv",20240613,20240614,1456,1546,NA,NA,NA,"EDT"
"TMP_PW_FW_I5_15CM_20240614_T6",2,1,3007.3128,"TMP_PW_FW_I5_15CM_20240614_T6_ABS_DilCorr.csv","TMP_PW_FW_I5_15CM_20240614_T6_EEM_DilCorr_IFE_RamNorm.csv",20240613,20240614,1442,1342,NA,NA,NA,"EDT"
"TMP_PW_SW_B4_15CM_20240617",4,1,3007.3128,"TMP_PW_SW_B4_15CM_20240617_ABS_DilCorr.csv","TMP_PW_SW_B4_15CM_20240617_EEM_DilCorr_IFE_RamNorm.csv",20240614,20240617,1506,1112,NA,NA,NA,"EDT"
"TMP_PW_SW_C3_15CM_20240617",2,1,3007.3128,"TMP_PW_SW_C3_15CM_20240617_ABS_DilCorr.csv","TMP_PW_SW_C3_15CM_20240617_EEM_DilCorr_IFE_RamNorm.csv",20240614,20240617,1443,1124,NA,NA,NA,"EDT"
"TMP_PW_SW_F6_15CM_20240617",4,1,3007.3128,"TMP_PW_SW_F6_15CM_20240617_ABS_DilCorr.csv","TMP_PW_SW_F6_15CM_20240617_EEM_DilCorr_IFE_RamNorm.csv",20240614,20240617,1420,1040,NA,NA,NA,"EDT"
"TMP_PW_FW_C6_15CM_20240617",2,1,3007.3128,"TMP_PW_FW_C6_15CM_20240617_ABS_DilCorr.csv","TMP_PW_FW_C6_15CM_20240617_EEM_DilCorr_IFE_RamNorm.csv",20240614,20240617,1455,1024,NA,NA,NA,"EDT"
"TMP_PW_FW_D5_15CM_20240617",2,1,3007.3128,"TMP_PW_FW_D5_15CM_20240617_ABS_DilCorr.csv","TMP_PW_FW_D5_15CM_20240617_EEM_DilCorr_IFE_RamNorm.csv",20240614,20240617,1434,1015,"112 mL extracted but no volumes filled in on field sheet; AES to check",NA,NA,"EDT"
"TMP_PW_FW_F4_15CM_20240617",1,1,3007.3128,"TMP_PW_FW_F4_15CM_20240617_ABS_DilCorr.csv","TMP_PW_FW_F4_15CM_20240617_EEM_DilCorr_IFE_RamNorm.csv",20240614,20240617,1535,958,NA,NA,NA,"EDT"
"TMP_PW_FW_I5_15CM_20240617",1,1,3007.3128,"TMP_PW_FW_I5_15CM_20240617_ABS_DilCorr.csv","TMP_PW_FW_I5_15CM_20240617_EEM_DilCorr_IFE_RamNorm.csv",20240614,20240617,1342,936,NA,NA,NA,"EDT"
"TMP_PW_C_H3_15CM_20240607",2,0.4,3142,"TMP_PW_C_H3_15CM_20240607_ABS_DilCorr.csv","TMP_PW_C_H3_15CM_20240607_EEM_DilCorr_IFE_RamNorm.csv",20240604,20240607,1203,1102,NA,NA,NA,"EDT"
"TMP_PW_FW_C6_15CM_20240607",2,1,3142,"TMP_PW_FW_C6_15CM_20240607_ABS_DilCorr.csv","TMP_PW_FW_C6_15CM_20240607_EEM_DilCorr_IFE_RamNorm.csv",20240604,20240607,1251,1434,NA,NA,NA,"EDT"
"TMP_PW_FW_I5_15CM_20240607",2,0.666666666666667,3142,"TMP_PW_FW_I5_15CM_20240607_ABS_DilCorr.csv","TMP_PW_FW_I5_15CM_20240607_EEM_DilCorr_IFE_RamNorm.csv",20240604,20240607,1215,1503,NA,NA,NA,"EDT"
"TMP_PW_SW_C3_15CM_20240802",2,1,3142,"TMP_PW_SW_C3_15CM_20240802_ABS_DilCorr.csv","TMP_PW_SW_C3_15CM_20240802_EEM_DilCorr_IFE_RamNorm.csv",20240730,20240802,827,1122,"clear",NA,NA,"EDT"
"TMP_PW_SW_B4_15CM_20240805",2,1,3142,"TMP_PW_SW_B4_15CM_20240805_ABS_DilCorr.csv","TMP_PW_SW_B4_15CM_20240805_EEM_DilCorr_IFE_RamNorm.csv",20240802,20240805,1136,1044,"clear",NA,NA,"EDT"
"TMP_PW_SW_C3_15CM_20240805",2,1,3142,"TMP_PW_SW_C3_15CM_20240805_ABS_DilCorr.csv","TMP_PW_SW_C3_15CM_20240805_EEM_DilCorr_IFE_RamNorm.csv",20240802,20240805,1122,1053,"clear",NA,NA,"EDT"
"TMP_PW_SW_D5_15CM_20240805",2,1,3142,"TMP_PW_SW_D5_15CM_20240805_ABS_DilCorr.csv","TMP_PW_SW_D5_15CM_20240805_EEM_DilCorr_IFE_RamNorm.csv",20240802,20240805,1143,1030,"clear",NA,NA,"EDT"
"TMP_PW_SW_F6_15CM_20240805",2,1,3142,"TMP_PW_SW_F6_15CM_20240805_ABS_DilCorr.csv","TMP_PW_SW_F6_15CM_20240805_EEM_DilCorr_IFE_RamNorm.csv",20240802,20240805,1153,1019,"clear",NA,NA,"EDT"
"TMP_PW_SW_D5_15CM_20240808",2,1,3142,"TMP_PW_SW_D5_15CM_20240808_ABS_DilCorr.csv","TMP_PW_SW_D5_15CM_20240808_EEM_DilCorr_IFE_RamNorm.csv",20240805,20240808,1030,907,"clear",NA,NA,"EDT"
"TMP_PW_SW_H3_15CM_20240808",2,1,3142,"TMP_PW_SW_H3_15CM_20240808_ABS_DilCorr.csv","TMP_PW_SW_H3_15CM_20240808_EEM_DilCorr_IFE_RamNorm.csv",20240805,20240808,1002,946,"clear",NA,NA,"EDT"
"TMP_PW_SW_H6_15CM_20240808",2,1,3142,"TMP_PW_SW_H6_15CM_20240808_ABS_DilCorr.csv","TMP_PW_SW_H6_15CM_20240808_EEM_DilCorr_IFE_RamNorm.csv",20240805,20240808,954,925,"clear",NA,NA,"EDT"
"TMP_PW_SW_I5_15CM_20240808",1,1,3142,"TMP_PW_SW_I5_15CM_20240808_ABS_DilCorr.csv","TMP_PW_SW_I5_15CM_20240808_EEM_DilCorr_IFE_RamNorm.csv",20240805,20240808,956,935,"clear",NA,NA,"EDT"
"TMP_PW_SW_F6_15CM_20240802",4,1,3142,"TMP_PW_SW_F6_15CM_20240802_ABS_DilCorr.csv","TMP_PW_SW_F6_15CM_20240802_EEM_DilCorr_IFE_RamNorm.csv",20240730,20240802,836,1153,"clear",NA,NA,"EDT"
"TMP_PW_SW_C3_15CM_20240906",2,1,3008,"TMP_PW_SW_C3_15CM_20240906_ABS_DilCorr.csv","TMP_PW_SW_C3_15CM_20240906_EEM_DilCorr_IFE_RamNorm.csv",20240903,20240906,900,1115,"clear",NA,NA,"EDT"
"TMP_PW_SW_F6_15CM_20240906",2,1,3008,"TMP_PW_SW_F6_15CM_20240906_ABS_DilCorr.csv","TMP_PW_SW_F6_15CM_20240906_EEM_DilCorr_IFE_RamNorm.csv",20240903,20240906,913,1151,"clear",NA,NA,"EDT"
"TMP_PW_SW_D5_15CM_20240906",2,1,3008,"TMP_PW_SW_D5_15CM_20240906_ABS_DilCorr.csv","TMP_PW_SW_D5_15CM_20240906_EEM_DilCorr_IFE_RamNorm.csv",20240903,20240906,910,1140,"clear",NA,NA,"EDT"
"TMP_PW_SW_C3_15CM_20241003",2,0.633333333333333,2913,"TMP_PW_SW_C3_15CM_20241003_ABS_DilCorr.csv","TMP_PW_SW_C3_15CM_20241003_EEM_DilCorr_IFE_RamNorm.csv",20240930,20241003,945,1402,"clear",NA,NA,"EDT"
"TMP_PW_SW_C6_15CM_20241007",2,0.666666666666667,2913,"TMP_PW_SW_C6_15CM_20241007_ABS_DilCorr.csv","TMP_PW_SW_C6_15CM_20241007_EEM_DilCorr_IFE_RamNorm.csv",20241003,20241007,1233,1031,"clear",NA,NA,"EDT"
"TMP_PW_SW_D5_15CM_20241003",2,1,2913,"TMP_PW_SW_D5_15CM_20241003_ABS_DilCorr.csv","TMP_PW_SW_D5_15CM_20241003_EEM_DilCorr_IFE_RamNorm.csv",20240930,20241003,928,1240,"clear",NA,NA,"EDT"
"TMP_PW_SW_E3_15CM_20241003",2,1,2913,"TMP_PW_SW_E3_15CM_20241003_ABS_DilCorr.csv","TMP_PW_SW_E3_15CM_20241003_EEM_DilCorr_IFE_RamNorm.csv",20240930,20241003,1138,1355,"clear",NA,NA,"EDT"
"TMP_PW_SW_F4_15CM_20241003",2,1,2913,"TMP_PW_SW_F4_15CM_20241003_ABS_DilCorr.csv","TMP_PW_SW_F4_15CM_20241003_EEM_DilCorr_IFE_RamNorm.csv",20240930,20241003,940,1347,"clear",NA,NA,"EDT"
"TMP_PW_SW_F6_15CM_20241003",2,1,2913,"TMP_PW_SW_F6_15CM_20241003_ABS_DilCorr.csv","TMP_PW_SW_F6_15CM_20241003_EEM_DilCorr_IFE_RamNorm.csv",20240930,20241003,1113,1255,"clear",NA,NA,"EDT"
"TMP_PW_SW_H3_15CM_20241003",2,0.833333333333333,2913,"TMP_PW_SW_H3_15CM_20241003_ABS_DilCorr.csv","TMP_PW_SW_H3_15CM_20241003_EEM_DilCorr_IFE_RamNorm.csv",20240930,20241003,938,1336,"clear",NA,NA,"EDT"
"TMP_PW_SW_H6_15CM_20241003",4,0.166666666666667,2913,"TMP_PW_SW_H6_15CM_20241003_ABS_DilCorr.csv","TMP_PW_SW_H6_15CM_20241003_EEM_DilCorr_IFE_RamNorm.csv",20240930,20241003,935,1304,"Yellow",NA,NA,"EDT"
"TMP_PW_C_C6_15CM_20241213",1,0.5,2492.89982,"TMP_PW_C_C6_15CM_20241213_ABS_DilCorr.csv","TMP_PW_C_C6_15CM_20241213_EEM_DilCorr_IFE_RamNorm.csv",20241210,20241213,1444,1412,NA,NA,NA,"EST"
"TMP_PW_C_D5_15CM_20241213",2,0.5,2492.89982,"TMP_PW_C_D5_15CM_20241213_ABS_DilCorr.csv","TMP_PW_C_D5_15CM_20241213_EEM_DilCorr_IFE_RamNorm.csv",20241210,20241213,1448,1430,NA,NA,NA,"EST"
"TMP_PW_C_F6_15CM_20241213",2,0.333333333333333,2492.89982,"TMP_PW_C_F6_15CM_20241213_ABS_DilCorr.csv","TMP_PW_C_F6_15CM_20241213_EEM_DilCorr_IFE_RamNorm.csv",20241210,20241213,1425,1515,NA,NA,NA,"EST"
"TMP_PW_C_I5_15CM_20241213",2,0.333333333333333,2492.89982,"TMP_PW_C_I5_15CM_20241213_ABS_DilCorr.csv","TMP_PW_C_I5_15CM_20241213_EEM_DilCorr_IFE_RamNorm.csv",20241210,20241213,1418,1515,NA,NA,NA,"EST"
"TMP_PW_FW_C3_15CM_20241213",2,0.266666666666667,2492.89982,"TMP_PW_FW_C3_15CM_20241213_ABS_DilCorr.csv","TMP_PW_FW_C3_15CM_20241213_EEM_DilCorr_IFE_RamNorm.csv",20241210,20241213,1409,1146,"yellow",NA,NA,"EST"
"TMP_PW_FW_D5_15CM_20241213",2,0.333333333333333,2492.89982,"TMP_PW_FW_D5_15CM_20241213_ABS_DilCorr.csv","TMP_PW_FW_D5_15CM_20241213_EEM_DilCorr_IFE_RamNorm.csv",20241210,20241213,1359,1205,"light yellow",NA,NA,"EST"
"TMP_PW_FW_F4_15CM_20241213",2,0.233333333333333,2492.89982,"TMP_PW_FW_F4_15CM_20241213_ABS_DilCorr.csv","TMP_PW_FW_F4_15CM_20241213_EEM_DilCorr_IFE_RamNorm.csv",20241210,20241213,1347,1120,"yellow",NA,NA,"EST"
"TMP_PW_FW_F6_15CM_20241213",2,0.333333333333333,2492.89982,"TMP_PW_FW_F6_15CM_20241213_ABS_DilCorr.csv","TMP_PW_FW_F6_15CM_20241213_EEM_DilCorr_IFE_RamNorm.csv",20241210,20241213,1356,1102,"light yellow",NA,NA,"EST"
"TMP_PW_FW_H3_15CM_20241213",2,0.333333333333333,2492.89982,"TMP_PW_FW_H3_15CM_20241213_ABS_DilCorr.csv","TMP_PW_FW_H3_15CM_20241213_EEM_DilCorr_IFE_RamNorm.csv",20241210,20241213,1345,1111,NA,NA,NA,"EST"
"TMP_PW_FW_I5_15CM_20241213",1,0.333333333333333,2492.89982,"TMP_PW_FW_I5_15CM_20241213_ABS_DilCorr.csv","TMP_PW_FW_I5_15CM_20241213_EEM_DilCorr_IFE_RamNorm.csv",20241210,20241213,1341,1036,NA,NA,NA,"EST"
"TMP_PW_SW_B4_15CM_20241213",2,0.333333333333333,2492.89982,"TMP_PW_SW_B4_15CM_20241213_ABS_DilCorr.csv","TMP_PW_SW_B4_15CM_20241213_EEM_DilCorr_IFE_RamNorm.csv",20241210,20241213,1223,1357,"Clear",NA,NA,"EST"
"TMP_PW_SW_C3_15CM_20241213",2,0.666666666666667,2492.89982,"TMP_PW_SW_C3_15CM_20241213_ABS_DilCorr.csv","TMP_PW_SW_C3_15CM_20241213_EEM_DilCorr_IFE_RamNorm.csv",20241210,20241213,1225,1346,"Clear",NA,NA,"EST"
"TMP_PW_SW_D5_15CM_20241213",2,0.5,2492.89982,"TMP_PW_SW_D5_15CM_20241213_ABS_DilCorr.csv","TMP_PW_SW_D5_15CM_20241213_EEM_DilCorr_IFE_RamNorm.csv",20241210,20241213,1203,1236,"Clear",NA,NA,"EST"
"TMP_PW_SW_F6_15CM_20241213",2,1,2492.89982,"TMP_PW_SW_F6_15CM_20241213_ABS_DilCorr.csv","TMP_PW_SW_F6_15CM_20241213_EEM_DilCorr_IFE_RamNorm.csv",20241210,20241213,1207,1254,"Clear",NA,NA,"EST"
"TMP_PW_SW_H6_15CM_20241213",2,0.266666666666667,2492.89982,"TMP_PW_SW_H6_15CM_20241213_ABS_DilCorr.csv","TMP_PW_SW_H6_15CM_20241213_EEM_DilCorr_IFE_RamNorm.csv",20241210,20241213,1212,1306,"light yellow",NA,NA,"EST"
"TMP_PW_SW_I5_15CM_20241213",1,1,2492.89982,"TMP_PW_SW_I5_15CM_20241213_ABS_DilCorr.csv","TMP_PW_SW_I5_15CM_20241213_EEM_DilCorr_IFE_RamNorm.csv",20241210,20241213,1214,1318,"Clear",NA,NA,"EST"
"TMP_PW_SW_B4_15CM_20250131",2,0.133333333333333,2449.82606,"TMP_PW_SW_B4_15CM_20250131_ABS_DilCorr.csv","TMP_PW_SW_B4_15CM_20250131_EEM_DilCorr_IFE_RamNorm.csv",20250128,20250131,1244,1252,"colored; field collection",NA,NA,"EST"
"TMP_PW_SW_C3_15CM_20250131",2,0.133333333333333,2449.82606,"TMP_PW_SW_C3_15CM_20250131_ABS_DilCorr.csv","TMP_PW_SW_C3_15CM_20250131_EEM_DilCorr_IFE_RamNorm.csv",20250128,20250131,1349,1308,"colored; field collection",NA,NA,"EST"
"TMP_PW_SW_F4_15CM_20250131",2,0.1,2449.82606,"TMP_PW_SW_F4_15CM_20250131_ABS_DilCorr.csv","TMP_PW_SW_F4_15CM_20250131_EEM_DilCorr_IFE_RamNorm.csv",20250128,20250131,1255,1351,"colored; sub-sampled in lab at 1516",NA,NA,"EST"
"TMP_PW_FW_I5_15CM_20250131",2,0.266666666666667,2449.82606,"TMP_PW_FW_I5_15CM_20250131_ABS_DilCorr.csv","TMP_PW_FW_I5_15CM_20250131_EEM_DilCorr_IFE_RamNorm.csv",20250128,20250131,1421,1427,"light color; sub-sampled in lab at 1627",NA,NA,"EST"
"TMP_PW_C_C3_15CM_20250131",2,0.233333333333333,2449.82606,"TMP_PW_C_C3_15CM_20250131_ABS_DilCorr.csv","TMP_PW_C_C3_15CM_20250131_EEM_DilCorr_IFE_RamNorm.csv",20250128,20250131,1225,1137,NA,NA,NA,"EST"
"TMP_PW_SW_F6_15CM_20250131",2,0.3,2449.82606,"TMP_PW_SW_F6_15CM_20250131_ABS_DilCorr.csv","TMP_PW_SW_F6_15CM_20250131_EEM_DilCorr_IFE_RamNorm.csv",20250128,20250131,1253,1347,"colored; sub-sampled in the lab at 1525",NA,NA,"EST"
"TMP_PW_FW_C6_15CM_20250131",2,0.666666666666667,2449.82606,"TMP_PW_FW_C6_15CM_20250131_ABS_DilCorr.csv","TMP_PW_FW_C6_15CM_20250131_EEM_DilCorr_IFE_RamNorm.csv",20250128,20250131,1314,1405,"sub-sampled in lab at 1549",NA,NA,"EST"
"TMP_PW_FW_D5_15CM_20250131",2,0.466666666666667,2449.82606,"TMP_PW_FW_D5_15CM_20250131_ABS_DilCorr.csv","TMP_PW_FW_D5_15CM_20250131_EEM_DilCorr_IFE_RamNorm.csv",20250128,20250131,1316,1408,"sub-sampled in lab at 1619",NA,NA,"EST"
"TMP_PW_FW_H3_15CM_20250131",2,0.5,2449.82606,"TMP_PW_FW_H3_15CM_20250131_ABS_DilCorr.csv","TMP_PW_FW_H3_15CM_20250131_EEM_DilCorr_IFE_RamNorm.csv",20250128,20250131,1426,1420,"sub-sampled in lab at 1611",NA,NA,"EST"
"TMP_PW_C_B4_15CM_20250131",2,0.333333333333333,2449.82606,"TMP_PW_C_B4_15CM_20250131_ABS_DilCorr.csv","TMP_PW_C_B4_15CM_20250131_EEM_DilCorr_IFE_RamNorm.csv",20250128,20250131,1236,1219,NA,NA,NA,"EST"
"TMP_PW_C_E3_15CM_20250131",2,0.333333333333333,2449.82606,"TMP_PW_C_E3_15CM_20250131_ABS_DilCorr.csv","TMP_PW_C_E3_15CM_20250131_EEM_DilCorr_IFE_RamNorm.csv",20250128,20250131,1222,1126,NA,NA,NA,"EST"
"TMP_PW_C_H6_15CM_20250131",2,0.266666666666667,2449.82606,"TMP_PW_C_H6_15CM_20250131_ABS_DilCorr.csv","TMP_PW_C_H6_15CM_20250131_EEM_DilCorr_IFE_RamNorm.csv",20250128,20250131,1215,1113,NA,NA,NA,"EST"
"TMP_PW_C_I5_15CM_20250131",2,0.6,2449.82606,"TMP_PW_C_I5_15CM_20250131_ABS_DilCorr.csv","TMP_PW_C_I5_15CM_20250131_EEM_DilCorr_IFE_RamNorm.csv",20250128,20250131,1212,1100,NA,NA,NA,"EST"
"TMP_PW_C_B4_15CM_20250204",2,0.333333333333333,2431.17885,"TMP_PW_C_B4_15CM_20250204_ABS_DilCorr.csv","TMP_PW_C_B4_15CM_20250204_EEM_DilCorr_IFE_RamNorm.csv",20250131,20250204,1219,1055,NA,NA,NA,"EST"
"TMP_PW_C_C3_15CM_20250204",2,0.266666666666667,2431.17885,"TMP_PW_C_C3_15CM_20250204_ABS_DilCorr.csv","TMP_PW_C_C3_15CM_20250204_EEM_DilCorr_IFE_RamNorm.csv",20250131,20250204,1137,1043,"light color",NA,NA,"EST"
"TMP_PW_C_C6_15CM_20250204",2,0.266666666666667,2431.17885,"TMP_PW_C_C6_15CM_20250204_ABS_DilCorr.csv","TMP_PW_C_C6_15CM_20250204_EEM_DilCorr_IFE_RamNorm.csv",20250131,20250204,1235,1107,NA,NA,NA,"EST"
"TMP_PW_C_D5_15CM_20250204",2,0.333333333333333,2431.17885,"TMP_PW_C_D5_15CM_20250204_ABS_DilCorr.csv","TMP_PW_C_D5_15CM_20250204_EEM_DilCorr_IFE_RamNorm.csv",20250131,20250204,1227,1115,NA,NA,NA,"EST"
"TMP_PW_C_E3_15CM_20250204",2,0.266666666666667,2431.17885,"TMP_PW_C_E3_15CM_20250204_ABS_DilCorr.csv","TMP_PW_C_E3_15CM_20250204_EEM_DilCorr_IFE_RamNorm.csv",20250131,20250204,1126,1033,NA,NA,NA,"EST"
"TMP_PW_C_H3_15CM_20250204",2,0.266666666666667,2431.17885,"TMP_PW_C_H3_15CM_20250204_ABS_DilCorr.csv","TMP_PW_C_H3_15CM_20250204_EEM_DilCorr_IFE_RamNorm.csv",20250131,20250204,1051,941,NA,NA,NA,"EST"
"TMP_PW_C_H6_15CM_20250204",2,0.266666666666667,2431.17885,"TMP_PW_C_H6_15CM_20250204_ABS_DilCorr.csv","TMP_PW_C_H6_15CM_20250204_EEM_DilCorr_IFE_RamNorm.csv",20250131,20250204,1113,1006,NA,NA,NA,"EST"
"TMP_PW_C_I5_15CM_20250204",2,0.333333333333333,2431.17885,"TMP_PW_C_I5_15CM_20250204_ABS_DilCorr.csv","TMP_PW_C_I5_15CM_20250204_EEM_DilCorr_IFE_RamNorm.csv",20250131,20250204,1100,953,NA,NA,NA,"EST"
"TMP_PW_FW_B4_15CM_20250204",2,0.5,2431.17885,"TMP_PW_FW_B4_15CM_20250204_ABS_DilCorr.csv","TMP_PW_FW_B4_15CM_20250204_EEM_DilCorr_IFE_RamNorm.csv",20250131,20250204,1412,1407,NA,NA,NA,"EST"
"TMP_PW_FW_C3_15CM_20250204",0.5,0.333333333333333,2431.17885,"TMP_PW_FW_C3_15CM_20250204_ABS_DilCorr.csv","TMP_PW_FW_C3_15CM_20250204_EEM_DilCorr_IFE_RamNorm.csv",20250131,20250204,1414,1417,NA,NA,NA,"EST"
"TMP_PW_FW_C6_15CM_20250204",2,0.833333333333333,2431.17885,"TMP_PW_FW_C6_15CM_20250204_ABS_DilCorr.csv","TMP_PW_FW_C6_15CM_20250204_EEM_DilCorr_IFE_RamNorm.csv",20250131,20250204,1405,1358,NA,NA,NA,"EST"
"TMP_PW_FW_D5_15CM_20250204",2,0.333333333333333,2431.17885,"TMP_PW_FW_D5_15CM_20250204_ABS_DilCorr.csv","TMP_PW_FW_D5_15CM_20250204_EEM_DilCorr_IFE_RamNorm.csv",20250131,20250204,1408,1424,NA,NA,NA,"EST"
"TMP_PW_FW_E3_15CM_20250204",2,0.333333333333333,2431.17885,"TMP_PW_FW_E3_15CM_20250204_ABS_DilCorr.csv","TMP_PW_FW_E3_15CM_20250204_EEM_DilCorr_IFE_RamNorm.csv",20250131,20250204,1416,1433,NA,NA,NA,"EST"
"TMP_PW_FW_F4_15CM_20250204",2,0.333333333333333,2431.17885,"TMP_PW_FW_F4_15CM_20250204_ABS_DilCorr.csv","TMP_PW_FW_F4_15CM_20250204_EEM_DilCorr_IFE_RamNorm.csv",20250131,20250204,1418,1444,NA,NA,NA,"EST"
"TMP_PW_FW_F6_15CM_20250204",2,0.333333333333333,2431.17885,"TMP_PW_FW_F6_15CM_20250204_ABS_DilCorr.csv","TMP_PW_FW_F6_15CM_20250204_EEM_DilCorr_IFE_RamNorm.csv",20250131,20250204,1433,1522,NA,NA,NA,"EST"
"TMP_PW_FW_H3_15CM_20250204",2,0.333333333333333,2431.17885,"TMP_PW_FW_H3_15CM_20250204_ABS_DilCorr.csv","TMP_PW_FW_H3_15CM_20250204_EEM_DilCorr_IFE_RamNorm.csv",20250131,20250204,1420,1454,NA,NA,NA,"EST"
"TMP_PW_FW_H6_15CM_20250204",2,0.333333333333333,2431.17885,"TMP_PW_FW_H6_15CM_20250204_ABS_DilCorr.csv","TMP_PW_FW_H6_15CM_20250204_EEM_DilCorr_IFE_RamNorm.csv",20250131,20250204,1431,1512,NA,NA,NA,"EST"
"TMP_PW_FW_I5_15CM_20250204",2,0.3,2431.17885,"TMP_PW_FW_I5_15CM_20250204_ABS_DilCorr.csv","TMP_PW_FW_I5_15CM_20250204_EEM_DilCorr_IFE_RamNorm.csv",20250131,20250204,1427,1502,"light color",NA,NA,"EST"
"TMP_PW_SW_B4_15CM_20250204",2,0.0666666666666667,2431.17885,"TMP_PW_SW_B4_15CM_20250204_ABS_DilCorr.csv","TMP_PW_SW_B4_15CM_20250204_EEM_DilCorr_IFE_RamNorm.csv",20250131,20250204,1308,1220,"colored",NA,NA,"EST"
"TMP_PW_SW_C3_15CM_20250204",2,0.0666666666666667,2431.17885,"TMP_PW_SW_C3_15CM_20250204_ABS_DilCorr.csv","TMP_PW_SW_C3_15CM_20250204_EEM_DilCorr_IFE_RamNorm.csv",20250131,20250204,1252,1210,"colored",NA,NA,"EST"
"TMP_PW_SW_C6_15CM_20250204",2,0.1,2431.17885,"TMP_PW_SW_C6_15CM_20250204_ABS_DilCorr.csv","TMP_PW_SW_C6_15CM_20250204_EEM_DilCorr_IFE_RamNorm.csv",20250131,20250204,1245,1230,"colored",NA,NA,"EST"
"TMP_PW_SW_D5_15CM_20250204",2,0.1,2431.17885,"TMP_PW_SW_D5_15CM_20250204_ABS_DilCorr.csv","TMP_PW_SW_D5_15CM_20250204_EEM_DilCorr_IFE_RamNorm.csv",20250131,20250204,1345,1239,"colored",NA,NA,"EST"
"TMP_PW_SW_E3_15CM_20250204",2,0.1,2431.17885,"TMP_PW_SW_E3_15CM_20250204_ABS_DilCorr.csv","TMP_PW_SW_E3_15CM_20250204_EEM_DilCorr_IFE_RamNorm.csv",20250131,20250204,1355,1306,"colored",NA,NA,"EST"
"TMP_PW_SW_F6_15CM_20250204",2,0.1,2431.17885,"TMP_PW_SW_F6_15CM_20250204_ABS_DilCorr.csv","TMP_PW_SW_F6_15CM_20250204_EEM_DilCorr_IFE_RamNorm.csv",20250131,20250204,1347,1248,"colored",NA,NA,"EST"
"TMP_PW_SW_F4_15CM_20250204",2,0.0666666666666667,2431.17885,"TMP_PW_SW_F4_15CM_20250204_ABS_DilCorr.csv","TMP_PW_SW_F4_15CM_20250204_EEM_DilCorr_IFE_RamNorm.csv",20250131,20250204,1351,1258,"colored",NA,NA,"EST"
"TMP_PW_SW_H3_15CM_20250204",2,0.1,2431.17885,"TMP_PW_SW_H3_15CM_20250204_ABS_DilCorr.csv","TMP_PW_SW_H3_15CM_20250204_EEM_DilCorr_IFE_RamNorm.csv",20250131,20250204,1357,1317,"colored",NA,NA,"EST"
"TMP_PW_SW_I5_15CM_20250204",2,0.1,2431.17885,"TMP_PW_SW_I5_15CM_20250204_ABS_DilCorr.csv","TMP_PW_SW_I5_15CM_20250204_EEM_DilCorr_IFE_RamNorm.csv",20250131,20250204,1359,1325,"colored",NA,NA,"EST"
"TMP_PW_SW_H6_15CM_20250204",4,0.1,2431.17885,"TMP_PW_SW_H6_15CM_20250204_ABS_DilCorr.csv","TMP_PW_SW_H6_15CM_20250204_EEM_DilCorr_IFE_RamNorm.csv",20250131,20250204,1400,1333,"colored",NA,NA,"EST"
"TMP_PW_C_F6_15CM_20250403",2,0.233333333333333,2431.17885,"TMP_PW_C_F6_15CM_20250403_ABS_DilCorr.csv","TMP_PW_C_F6_15CM_20250403_EEM_DilCorr_IFE_RamNorm.csv",20250331,20250403,1458,1407,NA,NA,NA,"EDT"
"TMP_PW_C_I5_15CM_20250403",2,0.333333333333333,2431.17885,"TMP_PW_C_I5_15CM_20250403_ABS_DilCorr.csv","TMP_PW_C_I5_15CM_20250403_EEM_DilCorr_IFE_RamNorm.csv",20250331,20250403,1336,1424,NA,NA,NA,"EDT"
"TMP_PW_FW_C6_15CM_20250403",2,0.666666666666667,2431.17885,"TMP_PW_FW_C6_15CM_20250403_ABS_DilCorr.csv","TMP_PW_FW_C6_15CM_20250403_EEM_DilCorr_IFE_RamNorm.csv",20250331,20250403,1429,1124,NA,NA,NA,"EDT"
"TMP_PW_FW_D5_15CM_20250403",2,0.333333333333333,2431.17885,"TMP_PW_FW_D5_15CM_20250403_ABS_DilCorr.csv","TMP_PW_FW_D5_15CM_20250403_EEM_DilCorr_IFE_RamNorm.csv",20250331,20250403,1431,1110,NA,NA,NA,"EDT"
"TMP_PW_FW_F4_15CM_20250403",2,0.333333333333333,2431.17885,"TMP_PW_FW_F4_15CM_20250403_ABS_DilCorr.csv","TMP_PW_FW_F4_15CM_20250403_EEM_DilCorr_IFE_RamNorm.csv",20250331,20250403,1439,1028,NA,NA,NA,"EDT"
"TMP_PW_SW_B4_15CM_20250403",4,0.0333333333333333,2431.17885,"TMP_PW_SW_B4_15CM_20250403_ABS_DilCorr.csv","TMP_PW_SW_B4_15CM_20250403_EEM_DilCorr_IFE_RamNorm.csv",20250331,20250403,1400,1232,NA,NA,NA,"EDT"
"TMP_PW_SW_C3_15CM_20250403",4,0.0666666666666667,2431.17885,"TMP_PW_SW_C3_15CM_20250403_ABS_DilCorr.csv","TMP_PW_SW_C3_15CM_20250403_EEM_DilCorr_IFE_RamNorm.csv",20250331,20250403,1356,1336,NA,NA,NA,"EDT"
"TMP_PW_SW_E3_15CM_20250403",4,0.1,2431.17885,"TMP_PW_SW_E3_15CM_20250403_ABS_DilCorr.csv","TMP_PW_SW_E3_15CM_20250403_EEM_DilCorr_IFE_RamNorm.csv",20250331,20250403,1411,1327,NA,NA,NA,"EDT"
"TMP_PW_SW_C6_15CM_20250406",4,0.0666666666666667,2431.17885,"TMP_PW_SW_C6_15CM_20250406_ABS_DilCorr.csv","TMP_PW_SW_C6_15CM_20250406_EEM_DilCorr_IFE_RamNorm.csv",20250403,20250406,1247,1133,NA,NA,NA,"EDT"
"TMP_PW_C_H3_15CM_20250509",2,0.333333333333333,2506.2148,"TMP_PW_C_H3_15CM_20250509_ABS_DilCorr.csv","TMP_PW_C_H3_15CM_20250509_EEM_DilCorr_IFE_RamNorm.csv",20250506,20250509,731,1325,"sub-sampled at 1401",NA,NA,"EDT"
"TMP_PW_C_H6_15CM_20250509",2,0.233333333333333,2506.2148,"TMP_PW_C_H6_15CM_20250509_ABS_DilCorr.csv","TMP_PW_C_H6_15CM_20250509_EEM_DilCorr_IFE_RamNorm.csv",20250506,20250509,736,1331,"sub-sampled at 1411",NA,NA,"EDT"
"TMP_PW_C_I5_15CM_20250509",2,0.333333333333333,2506.2148,"TMP_PW_C_I5_15CM_20250509_ABS_DilCorr.csv","TMP_PW_C_I5_15CM_20250509_EEM_DilCorr_IFE_RamNorm.csv",20250506,20250509,740,1327,"sub-sampled at 1351",NA,NA,"EDT"
"TMP_PW_FW_C6_15CM_20250509",2,0.333333333333333,2506.2148,"TMP_PW_FW_C6_15CM_20250509_ABS_DilCorr.csv","TMP_PW_FW_C6_15CM_20250509_EEM_DilCorr_IFE_RamNorm.csv",20250506,20250509,824,1024,"sub-sampled at 1120",NA,NA,"EDT"
"TMP_PW_FW_D5_15CM_20250509",2,0.333333333333333,2506.2148,"TMP_PW_FW_D5_15CM_20250509_ABS_DilCorr.csv","TMP_PW_FW_D5_15CM_20250509_EEM_DilCorr_IFE_RamNorm.csv",20250506,20250509,833,1022,"sub-sampled at 1055",NA,NA,"EDT"
"TMP_PW_FW_H6_15CM_20250512",2,0.333333333333333,2506.2148,"TMP_PW_FW_H6_15CM_20250512_ABS_DilCorr.csv","TMP_PW_FW_H6_15CM_20250512_EEM_DilCorr_IFE_RamNorm.csv",20250509,20250512,1016,1103,NA,NA,NA,"EDT"
"TMP_PW_FW_I5_15CM_20250509",2,0.333333333333333,2506.2148,"TMP_PW_FW_I5_15CM_20250509_ABS_DilCorr.csv","TMP_PW_FW_I5_15CM_20250509_EEM_DilCorr_IFE_RamNorm.csv",20250506,20250509,842,1035,"sub-sampled at 1106",NA,NA,"EDT"
"TMP_PW_SW_D5_15CM_20250509",2,0.1,2506.2148,"TMP_PW_SW_D5_15CM_20250509_ABS_DilCorr.csv","TMP_PW_SW_D5_15CM_20250509_EEM_DilCorr_IFE_RamNorm.csv",20250506,20250509,758,1156,"sub-sampled at 1209",NA,NA,"EDT"
"TMP_PW_C_B4_15CM_20250602",2,0.333333333333333,2557.94337,"TMP_PW_C_B4_15CM_20250602_ABS_DilCorr.csv","TMP_PW_C_B4_15CM_20250602_EEM_DilCorr_IFE_RamNorm.csv",20250530,20250602,1322,1558,NA,NA,NA,"EDT"
"TMP_PW_C_C3_15CM_20250602",2,0.333333333333333,2557.94337,"TMP_PW_C_C3_15CM_20250602_ABS_DilCorr.csv","TMP_PW_C_C3_15CM_20250602_EEM_DilCorr_IFE_RamNorm.csv",20250530,20250602,1324,1609,NA,NA,NA,"EDT"
"TMP_PW_C_C6_15CM_20250602",2,0.333333333333333,2557.94337,"TMP_PW_C_C6_15CM_20250602_ABS_DilCorr.csv","TMP_PW_C_C6_15CM_20250602_EEM_DilCorr_IFE_RamNorm.csv",20250530,20250602,1318,1546,NA,NA,NA,"EDT"
"TMP_PW_C_F4_15CM_20250602",2,0.333333333333333,2557.94337,"TMP_PW_C_F4_15CM_20250602_ABS_DilCorr.csv","TMP_PW_C_F4_15CM_20250602_EEM_DilCorr_IFE_RamNorm.csv",20250530,20250602,1339,1634,NA,NA,NA,"EDT"
"TMP_PW_C_F6_15CM_20250602",2,0.333333333333333,2557.94337,"TMP_PW_C_F6_15CM_20250602_ABS_DilCorr.csv","TMP_PW_C_F6_15CM_20250602_EEM_DilCorr_IFE_RamNorm.csv",20250530,20250602,1331,1624,NA,NA,NA,"EDT"
"TMP_PW_C_H3_15CM_20250602",2,0.333333333333333,2557.94337,"TMP_PW_C_H3_15CM_20250602_ABS_DilCorr.csv","TMP_PW_C_H3_15CM_20250602_EEM_DilCorr_IFE_RamNorm.csv",20250530,20250602,1342,1643,NA,NA,NA,"EDT"
"TMP_PW_C_H6_15CM_20250602",2,0.3,2557.94337,"TMP_PW_C_H6_15CM_20250602_ABS_DilCorr.csv","TMP_PW_C_H6_15CM_20250602_EEM_DilCorr_IFE_RamNorm.csv",20250530,20250602,1349,1707,NA,NA,NA,"EDT"
"TMP_PW_C_I5_15CM_20250602",2,0.333333333333333,2557.94337,"TMP_PW_C_I5_15CM_20250602_ABS_DilCorr.csv","TMP_PW_C_I5_15CM_20250602_EEM_DilCorr_IFE_RamNorm.csv",20250530,20250602,1344,1656,NA,NA,NA,"EDT"
"TMP_PW_FW_B4_15CM_20250602",2,0.666666666666667,2557.94337,"TMP_PW_FW_B4_15CM_20250602_ABS_DilCorr.csv","TMP_PW_FW_B4_15CM_20250602_EEM_DilCorr_IFE_RamNorm.csv",20250530,20250602,1101,1159,NA,NA,NA,"EDT"
"TMP_PW_FW_C3_15CM_20250602",2,0.666666666666667,2557.94337,"TMP_PW_FW_C3_15CM_20250602_ABS_DilCorr.csv","TMP_PW_FW_C3_15CM_20250602_EEM_DilCorr_IFE_RamNorm.csv",20250530,20250602,1100,1147,NA,NA,NA,"EDT"
"TMP_PW_FW_C6_15CM_20250602",2,0.666666666666667,2557.94337,"TMP_PW_FW_C6_15CM_20250602_ABS_DilCorr.csv","TMP_PW_FW_C6_15CM_20250602_EEM_DilCorr_IFE_RamNorm.csv",20250530,20250602,1107,1221,NA,NA,NA,"EDT"
"TMP_PW_FW_D5_15CM_20250602",2,0.5,2557.94337,"TMP_PW_FW_D5_15CM_20250602_ABS_DilCorr.csv","TMP_PW_FW_D5_15CM_20250602_EEM_DilCorr_IFE_RamNorm.csv",20250530,20250602,1105,1210,NA,NA,NA,"EDT"
"TMP_PW_FW_E3_15CM_20250602",2,0.666666666666667,2557.94337,"TMP_PW_FW_E3_15CM_20250602_ABS_DilCorr.csv","TMP_PW_FW_E3_15CM_20250602_EEM_DilCorr_IFE_RamNorm.csv",20250530,20250602,1058,1138,NA,NA,NA,"EDT"
"TMP_PW_FW_F4_15CM_20250602",2,0.5,2557.94337,"TMP_PW_FW_F4_15CM_20250602_ABS_DilCorr.csv","TMP_PW_FW_F4_15CM_20250602_EEM_DilCorr_IFE_RamNorm.csv",20250530,20250602,1052,1102,NA,NA,NA,"EDT"
"TMP_PW_FW_F6_15CM_20250602",2,0.5,2557.94337,"TMP_PW_FW_F6_15CM_20250602_ABS_DilCorr.csv","TMP_PW_FW_F6_15CM_20250602_EEM_DilCorr_IFE_RamNorm.csv",20250530,20250602,1056,1125,NA,NA,NA,"EDT"
"TMP_PW_FW_H3_15CM_20250602",2,0.666666666666667,2557.94337,"TMP_PW_FW_H3_15CM_20250602_ABS_DilCorr.csv","TMP_PW_FW_H3_15CM_20250602_EEM_DilCorr_IFE_RamNorm.csv",20250530,20250602,1050,1051,NA,NA,NA,"EDT"
"TMP_PW_FW_H6_15CM_20250602",2,0.5,2557.94337,"TMP_PW_FW_H6_15CM_20250602_ABS_DilCorr.csv","TMP_PW_FW_H6_15CM_20250602_EEM_DilCorr_IFE_RamNorm.csv",20250530,20250602,1055,1113,NA,NA,NA,"EDT"
"TMP_PW_FW_I5_15CM_20250602",2,0.5,2557.94337,"TMP_PW_FW_I5_15CM_20250602_ABS_DilCorr.csv","TMP_PW_FW_I5_15CM_20250602_EEM_DilCorr_IFE_RamNorm.csv",20250530,20250602,1049,1033,NA,NA,NA,"EDT"
"TMP_PW_SW_B4_15CM_20250602",2,0.0666666666666667,2557.94337,"TMP_PW_SW_B4_15CM_20250602_ABS_DilCorr.csv","TMP_PW_SW_B4_15CM_20250602_EEM_DilCorr_IFE_RamNorm.csv",20250530,20250602,1312,1531,NA,NA,NA,"EDT"
"TMP_PW_SW_C3_15CM_20250602",2,0.0666666666666667,2557.94337,"TMP_PW_SW_C3_15CM_20250602_ABS_DilCorr.csv","TMP_PW_SW_C3_15CM_20250602_EEM_DilCorr_IFE_RamNorm.csv",20250530,20250602,1308,1518,NA,NA,NA,"EDT"
"TMP_PW_SW_C6_15CM_20250602",2,0.0666666666666667,2557.94337,"TMP_PW_SW_C6_15CM_20250602_ABS_DilCorr.csv","TMP_PW_SW_C6_15CM_20250602_EEM_DilCorr_IFE_RamNorm.csv",20250530,20250602,1246,1234,NA,NA,NA,"EDT"
"TMP_PW_SW_D5_15CM_20250602",2,0.133333333333333,2557.94337,"TMP_PW_SW_D5_15CM_20250602_ABS_DilCorr.csv","TMP_PW_SW_D5_15CM_20250602_EEM_DilCorr_IFE_RamNorm.csv",20250530,20250602,1248,1248,NA,NA,NA,"EDT"
"TMP_PW_SW_E3_15CM_20250602",2,0.133333333333333,2557.94337,"TMP_PW_SW_E3_15CM_20250602_ABS_DilCorr.csv","TMP_PW_SW_E3_15CM_20250602_EEM_DilCorr_IFE_RamNorm.csv",20250530,20250602,1302,1504,NA,NA,NA,"EDT"
"TMP_PW_SW_F4_15CM_20250602",2,0.1,2557.94337,"TMP_PW_SW_F4_15CM_20250602_ABS_DilCorr.csv","TMP_PW_SW_F4_15CM_20250602_EEM_DilCorr_IFE_RamNorm.csv",20250530,20250602,1259,1338,NA,NA,NA,"EDT"
"TMP_PW_SW_F6_15CM_20250602",2,0.1,2557.94337,"TMP_PW_SW_F6_15CM_20250602_ABS_DilCorr.csv","TMP_PW_SW_F6_15CM_20250602_EEM_DilCorr_IFE_RamNorm.csv",20250530,20250602,1252,1259,NA,NA,NA,"EDT"
"TMP_PW_SW_H3_15CM_20250602",2,0.1,2557.94337,"TMP_PW_SW_H3_15CM_20250602_ABS_DilCorr.csv","TMP_PW_SW_H3_15CM_20250602_EEM_DilCorr_IFE_RamNorm.csv",20250530,20250602,1257,1323,NA,NA,NA,"EDT"
"TMP_PW_SW_H6_15CM_20250602",2,0.133333333333333,2557.94337,"TMP_PW_SW_H6_15CM_20250602_ABS_DilCorr.csv","TMP_PW_SW_H6_15CM_20250602_EEM_DilCorr_IFE_RamNorm.csv",20250530,20250602,1253,1311,NA,NA,NA,"EDT"
