"","Year","plot_1","min_Cl_ppm","max_Cl_ppm","mean_Cl_ppm","sd_Cl_ppm","min_SO4_ppm","max_SO4_ppm","mean_SO4_ppm","sd_SO4_ppm"
"1","2023","Control",0,34.2586,5.9811,11.5374,0,15.3405,4.4119,2.793
"2","2023","Freshwater",0,211.2593,24.3809,47.8555,0,28.2839,6.6344,4.6358
"3","2023","Saltwater",0,3706.9076,1620.0541,1214.3983,0,457.36,187.5483,137.5495
"4","2024","Control",0.5591,13.7413,4.5441,3.8717,0.1648,16.0863,2.5349,4.7716
"5","2024","Freshwater",0.2529,21.8991,4.9821,3.6628,0,23.2406,5.3516,4.8068
"6","2024","Saltwater",0,3177.8905,1677.6061,961.303,2.1851,407.5898,187.4088,112.1795
"7","2025","Control",0.0232,13.8442,3.4403,3.6493,0.0453,3.9657,0.9111,0.8073
"8","2025","Freshwater",0,35.8056,3.812,7.113,0,9.3896,1.6037,1.6211
"9","2025","Saltwater",1.4007,392.6059,56.1152,80.5283,0.863,75.5324,14.8899,19.5532
